dataset,polluter,level,method,model,score,dsc_score,grade
UTKFace,none,0.0,probe,ridge,0.1522,83.42,B
UTKFace,none,0.0,probe,random_forest,0.5409,83.42,B
UTKFace,none,0.0,probe,mlp,0.4324,83.42,B
UTKFace,none,0.0,probe,knn,0.4485,83.42,B
UTKFace,completeness_image,0.1,probe,ridge,0.1667,83.24,B
UTKFace,completeness_image,0.1,probe,random_forest,0.5352,83.24,B
UTKFace,completeness_image,0.1,probe,mlp,0.437,83.24,B
UTKFace,completeness_image,0.1,probe,knn,0.4466,83.24,B
UTKFace,noise_injection,0.1,probe,ridge,0.0433,86.28,B
UTKFace,noise_injection,0.1,probe,random_forest,0.4534,86.28,B
UTKFace,noise_injection,0.1,probe,mlp,0.3,86.28,B
UTKFace,noise_injection,0.1,probe,knn,0.4015,86.28,B
UTKFace,blur,0.1,probe,ridge,0.1648,82.97,B
UTKFace,blur,0.1,probe,random_forest,0.5321,82.97,B
UTKFace,blur,0.1,probe,mlp,0.419,82.97,B
UTKFace,blur,0.1,probe,knn,0.4569,82.97,B
UTKFace,target_distribution_skew,0.1,probe,ridge,0.146,83.32,B
UTKFace,target_distribution_skew,0.1,probe,random_forest,0.538,83.32,B
UTKFace,target_distribution_skew,0.1,probe,mlp,0.4278,83.32,B
UTKFace,target_distribution_skew,0.1,probe,knn,0.4385,83.32,B
UTKFace,target_noise,0.1,probe,ridge,0.1111,83.29,B
UTKFace,target_noise,0.1,probe,random_forest,0.5399,83.29,B
UTKFace,target_noise,0.1,probe,mlp,0.4252,83.29,B
UTKFace,target_noise,0.1,probe,knn,0.4388,83.29,B
UTKFace,completeness_image,0.3,probe,ridge,0.2706,82.21,B
UTKFace,completeness_image,0.3,probe,random_forest,0.5244,82.21,B
UTKFace,completeness_image,0.3,probe,mlp,0.4659,82.21,B
UTKFace,completeness_image,0.3,probe,knn,0.4352,82.21,B
UTKFace,noise_injection,0.3,probe,ridge,0.0,84.71,B
UTKFace,noise_injection,0.3,probe,random_forest,0.4791,84.71,B
UTKFace,noise_injection,0.3,probe,mlp,0.0,84.71,B
UTKFace,noise_injection,0.3,probe,knn,0.1114,84.71,B
UTKFace,blur,0.3,probe,ridge,0.0,82.05,B
UTKFace,blur,0.3,probe,random_forest,0.5196,82.05,B
UTKFace,blur,0.3,probe,mlp,0.3414,82.05,B
UTKFace,blur,0.3,probe,knn,0.4423,82.05,B
UTKFace,target_distribution_skew,0.3,probe,ridge,0.1223,82.71,B
UTKFace,target_distribution_skew,0.3,probe,random_forest,0.5212,82.71,B
UTKFace,target_distribution_skew,0.3,probe,mlp,0.4344,82.71,B
UTKFace,target_distribution_skew,0.3,probe,knn,0.4333,82.71,B
UTKFace,target_noise,0.3,probe,ridge,0.0,81.92,B
UTKFace,target_noise,0.3,probe,random_forest,0.5346,81.92,B
UTKFace,target_noise,0.3,probe,mlp,0.2388,81.92,B
UTKFace,target_noise,0.3,probe,knn,0.4013,81.92,B
UTKFace,completeness_image,0.5,probe,ridge,0.2472,82.11,B
UTKFace,completeness_image,0.5,probe,random_forest,0.5042,82.11,B
UTKFace,completeness_image,0.5,probe,mlp,0.431,82.11,B
UTKFace,completeness_image,0.5,probe,knn,0.4158,82.11,B
UTKFace,noise_injection,0.5,probe,ridge,0.0,83.0,B
UTKFace,noise_injection,0.5,probe,random_forest,0.4397,83.0,B
UTKFace,noise_injection,0.5,probe,mlp,0.0,83.0,B
UTKFace,noise_injection,0.5,probe,knn,0.2273,83.0,B
UTKFace,blur,0.5,probe,ridge,0.0,81.69,B
UTKFace,blur,0.5,probe,random_forest,0.4279,81.69,B
UTKFace,blur,0.5,probe,mlp,0.1464,81.69,B
UTKFace,blur,0.5,probe,knn,0.4143,81.69,B
UTKFace,target_distribution_skew,0.5,probe,ridge,0.0631,82.28,B
UTKFace,target_distribution_skew,0.5,probe,random_forest,0.5075,82.28,B
UTKFace,target_distribution_skew,0.5,probe,mlp,0.4066,82.28,B
UTKFace,target_distribution_skew,0.5,probe,knn,0.4069,82.28,B
UTKFace,target_noise,0.5,probe,ridge,0.0,80.16,B
UTKFace,target_noise,0.5,probe,random_forest,0.5093,80.16,B
UTKFace,target_noise,0.5,probe,mlp,0.0,80.16,B
UTKFace,target_noise,0.5,probe,knn,0.3397,80.16,B
UTKFace,completeness_image,0.7,probe,ridge,0.0672,81.55,B
UTKFace,completeness_image,0.7,probe,random_forest,0.4577,81.55,B
UTKFace,completeness_image,0.7,probe,mlp,0.4227,81.55,B
UTKFace,completeness_image,0.7,probe,knn,0.3958,81.55,B
UTKFace,noise_injection,0.7,probe,ridge,0.0,81.16,B
UTKFace,noise_injection,0.7,probe,random_forest,0.315,81.16,B
UTKFace,noise_injection,0.7,probe,mlp,0.0,81.16,B
UTKFace,noise_injection,0.7,probe,knn,0.1104,81.16,B
UTKFace,blur,0.7,probe,ridge,0.0,80.62,B
UTKFace,blur,0.7,probe,random_forest,0.3426,80.62,B
UTKFace,blur,0.7,probe,mlp,0.0,80.62,B
UTKFace,blur,0.7,probe,knn,0.379,80.62,B
UTKFace,target_distribution_skew,0.7,probe,ridge,0.1141,83.24,B
UTKFace,target_distribution_skew,0.7,probe,random_forest,0.4447,83.24,B
UTKFace,target_distribution_skew,0.7,probe,mlp,0.4261,83.24,B
UTKFace,target_distribution_skew,0.7,probe,knn,0.3327,83.24,B
UTKFace,target_noise,0.7,probe,ridge,0.0,79.06,B
UTKFace,target_noise,0.7,probe,random_forest,0.4602,79.06,B
UTKFace,target_noise,0.7,probe,mlp,0.0,79.06,B
UTKFace,target_noise,0.7,probe,knn,0.254,79.06,B
UTKFace,completeness_image,0.9,probe,ridge,0.0397,81.34,B
UTKFace,completeness_image,0.9,probe,random_forest,0.3803,81.34,B
UTKFace,completeness_image,0.9,probe,mlp,0.2944,81.34,B
UTKFace,completeness_image,0.9,probe,knn,0.3417,81.34,B
UTKFace,noise_injection,0.9,probe,ridge,0.0,80.36,B
UTKFace,noise_injection,0.9,probe,random_forest,0.0,80.36,B
UTKFace,noise_injection,0.9,probe,mlp,0.0,80.36,B
UTKFace,noise_injection,0.9,probe,knn,0.0924,80.36,B
UTKFace,blur,0.9,probe,ridge,0.0,80.08,B
UTKFace,blur,0.9,probe,random_forest,0.3455,80.08,B
UTKFace,blur,0.9,probe,mlp,0.0,80.08,B
UTKFace,blur,0.9,probe,knn,0.3893,80.08,B
UTKFace,target_distribution_skew,0.9,probe,ridge,0.0653,82.63,B
UTKFace,target_distribution_skew,0.9,probe,random_forest,0.3415,82.63,B
UTKFace,target_distribution_skew,0.9,probe,mlp,0.3371,82.63,B
UTKFace,target_distribution_skew,0.9,probe,knn,0.2576,82.63,B
UTKFace,target_noise,0.9,probe,ridge,0.0,78.41,B
UTKFace,target_noise,0.9,probe,random_forest,0.4224,78.41,B
UTKFace,target_noise,0.9,probe,mlp,0.0,78.41,B
UTKFace,target_noise,0.9,probe,knn,0.1443,78.41,B
SCUT_FBP5500,none,0.0,probe,ridge,0.2104,86.62,B
SCUT_FBP5500,none,0.0,probe,random_forest,0.4347,86.62,B
SCUT_FBP5500,none,0.0,probe,mlp,0.0,86.62,B
SCUT_FBP5500,none,0.0,probe,knn,0.3985,86.62,B
SCUT_FBP5500,completeness_image,0.1,probe,ridge,0.1654,85.94,B
SCUT_FBP5500,completeness_image,0.1,probe,random_forest,0.4282,85.94,B
SCUT_FBP5500,completeness_image,0.1,probe,mlp,0.0,85.94,B
SCUT_FBP5500,completeness_image,0.1,probe,knn,0.3903,85.94,B
SCUT_FBP5500,noise_injection,0.1,probe,ridge,0.0,86.34,B
SCUT_FBP5500,noise_injection,0.1,probe,random_forest,0.3984,86.34,B
SCUT_FBP5500,noise_injection,0.1,probe,mlp,0.0,86.34,B
SCUT_FBP5500,noise_injection,0.1,probe,knn,0.3735,86.34,B
SCUT_FBP5500,blur,0.1,probe,ridge,0.1994,85.67,B
SCUT_FBP5500,blur,0.1,probe,random_forest,0.4282,85.67,B
SCUT_FBP5500,blur,0.1,probe,mlp,0.0,85.67,B
SCUT_FBP5500,blur,0.1,probe,knn,0.3932,85.67,B
SCUT_FBP5500,target_distribution_skew,0.1,probe,ridge,0.1796,86.58,B
SCUT_FBP5500,target_distribution_skew,0.1,probe,random_forest,0.4327,86.58,B
SCUT_FBP5500,target_distribution_skew,0.1,probe,mlp,0.0,86.58,B
SCUT_FBP5500,target_distribution_skew,0.1,probe,knn,0.3897,86.58,B
SCUT_FBP5500,target_noise,0.1,probe,ridge,0.0669,85.11,B
SCUT_FBP5500,target_noise,0.1,probe,random_forest,0.4258,85.11,B
SCUT_FBP5500,target_noise,0.1,probe,mlp,0.0,85.11,B
SCUT_FBP5500,target_noise,0.1,probe,knn,0.3736,85.11,B
SCUT_FBP5500,completeness_image,0.3,probe,ridge,0.1278,84.49,B
SCUT_FBP5500,completeness_image,0.3,probe,random_forest,0.4066,84.49,B
SCUT_FBP5500,completeness_image,0.3,probe,mlp,0.0,84.49,B
SCUT_FBP5500,completeness_image,0.3,probe,knn,0.3491,84.49,B
SCUT_FBP5500,noise_injection,0.3,probe,ridge,0.0,84.41,B
SCUT_FBP5500,noise_injection,0.3,probe,random_forest,0.2002,84.41,B
SCUT_FBP5500,noise_injection,0.3,probe,mlp,0.0,84.41,B
SCUT_FBP5500,noise_injection,0.3,probe,knn,0.058,84.41,B
SCUT_FBP5500,blur,0.3,probe,ridge,0.0,82.49,B
SCUT_FBP5500,blur,0.3,probe,random_forest,0.394,82.49,B
SCUT_FBP5500,blur,0.3,probe,mlp,0.0,82.49,B
SCUT_FBP5500,blur,0.3,probe,knn,0.3681,82.49,B
SCUT_FBP5500,target_distribution_skew,0.3,probe,ridge,0.1736,86.53,B
SCUT_FBP5500,target_distribution_skew,0.3,probe,random_forest,0.4309,86.53,B
SCUT_FBP5500,target_distribution_skew,0.3,probe,mlp,0.0,86.53,B
SCUT_FBP5500,target_distribution_skew,0.3,probe,knn,0.3645,86.53,B
SCUT_FBP5500,target_noise,0.3,probe,ridge,0.0,82.39,B
SCUT_FBP5500,target_noise,0.3,probe,random_forest,0.4093,82.39,B
SCUT_FBP5500,target_noise,0.3,probe,mlp,0.0,82.39,B
SCUT_FBP5500,target_noise,0.3,probe,knn,0.2004,82.39,B
SCUT_FBP5500,completeness_image,0.5,probe,ridge,0.1993,83.26,B
SCUT_FBP5500,completeness_image,0.5,probe,random_forest,0.3857,83.26,B
SCUT_FBP5500,completeness_image,0.5,probe,mlp,0.0,83.26,B
SCUT_FBP5500,completeness_image,0.5,probe,knn,0.3202,83.26,B
SCUT_FBP5500,noise_injection,0.5,probe,ridge,0.0,83.18,B
SCUT_FBP5500,noise_injection,0.5,probe,random_forest,0.0,83.18,B
SCUT_FBP5500,noise_injection,0.5,probe,mlp,0.0,83.18,B
SCUT_FBP5500,noise_injection,0.5,probe,knn,0.0,83.18,B
SCUT_FBP5500,blur,0.5,probe,ridge,0.0,82.46,B
SCUT_FBP5500,blur,0.5,probe,random_forest,0.3778,82.46,B
SCUT_FBP5500,blur,0.5,probe,mlp,0.0,82.46,B
SCUT_FBP5500,blur,0.5,probe,knn,0.377,82.46,B
SCUT_FBP5500,target_distribution_skew,0.5,probe,ridge,0.0905,86.04,B
SCUT_FBP5500,target_distribution_skew,0.5,probe,random_forest,0.3938,86.04,B
SCUT_FBP5500,target_distribution_skew,0.5,probe,mlp,0.0,86.04,B
SCUT_FBP5500,target_distribution_skew,0.5,probe,knn,0.3331,86.04,B
SCUT_FBP5500,target_noise,0.5,probe,ridge,0.0,81.39,B
SCUT_FBP5500,target_noise,0.5,probe,random_forest,0.2842,81.39,B
SCUT_FBP5500,target_noise,0.5,probe,mlp,0.0,81.39,B
SCUT_FBP5500,target_noise,0.5,probe,knn,0.0,81.39,B
SCUT_FBP5500,completeness_image,0.7,probe,ridge,0.1071,81.59,B
SCUT_FBP5500,completeness_image,0.7,probe,random_forest,0.345,81.59,B
SCUT_FBP5500,completeness_image,0.7,probe,mlp,0.0,81.59,B
SCUT_FBP5500,completeness_image,0.7,probe,knn,0.3039,81.59,B
SCUT_FBP5500,noise_injection,0.7,probe,ridge,0.0,81.95,B
SCUT_FBP5500,noise_injection,0.7,probe,random_forest,0.0,81.95,B
SCUT_FBP5500,noise_injection,0.7,probe,mlp,0.0,81.95,B
SCUT_FBP5500,noise_injection,0.7,probe,knn,0.0,81.95,B
SCUT_FBP5500,blur,0.7,probe,ridge,0.0,81.74,B
SCUT_FBP5500,blur,0.7,probe,random_forest,0.3227,81.74,B
SCUT_FBP5500,blur,0.7,probe,mlp,0.0,81.74,B
SCUT_FBP5500,blur,0.7,probe,knn,0.3351,81.74,B
SCUT_FBP5500,target_distribution_skew,0.7,probe,ridge,0.0879,85.16,B
SCUT_FBP5500,target_distribution_skew,0.7,probe,random_forest,0.3528,85.16,B
SCUT_FBP5500,target_distribution_skew,0.7,probe,mlp,0.0,85.16,B
SCUT_FBP5500,target_distribution_skew,0.7,probe,knn,0.2933,85.16,B
SCUT_FBP5500,target_noise,0.7,probe,ridge,0.0,80.97,B
SCUT_FBP5500,target_noise,0.7,probe,random_forest,0.1053,80.97,B
SCUT_FBP5500,target_noise,0.7,probe,mlp,0.0,80.97,B
SCUT_FBP5500,target_noise,0.7,probe,knn,0.0,80.97,B
SCUT_FBP5500,completeness_image,0.9,probe,ridge,0.02,81.15,B
SCUT_FBP5500,completeness_image,0.9,probe,random_forest,0.3024,81.15,B
SCUT_FBP5500,completeness_image,0.9,probe,mlp,0.0,81.15,B
SCUT_FBP5500,completeness_image,0.9,probe,knn,0.2355,81.15,B
SCUT_FBP5500,noise_injection,0.9,probe,ridge,0.0,82.08,B
SCUT_FBP5500,noise_injection,0.9,probe,random_forest,0.0,82.08,B
SCUT_FBP5500,noise_injection,0.9,probe,mlp,0.0,82.08,B
SCUT_FBP5500,noise_injection,0.9,probe,knn,0.0,82.08,B
SCUT_FBP5500,blur,0.9,probe,ridge,0.0,81.62,B
SCUT_FBP5500,blur,0.9,probe,random_forest,0.2924,81.62,B
SCUT_FBP5500,blur,0.9,probe,mlp,0.0,81.62,B
SCUT_FBP5500,blur,0.9,probe,knn,0.2972,81.62,B
SCUT_FBP5500,target_distribution_skew,0.9,probe,ridge,0.056,84.03,B
SCUT_FBP5500,target_distribution_skew,0.9,probe,random_forest,0.2606,84.03,B
SCUT_FBP5500,target_distribution_skew,0.9,probe,mlp,0.0,84.03,B
SCUT_FBP5500,target_distribution_skew,0.9,probe,knn,0.1741,84.03,B
SCUT_FBP5500,target_noise,0.9,probe,ridge,0.0,80.75,B
SCUT_FBP5500,target_noise,0.9,probe,random_forest,0.0,80.75,B
SCUT_FBP5500,target_noise,0.9,probe,mlp,0.0,80.75,B
SCUT_FBP5500,target_noise,0.9,probe,knn,0.0,80.75,B
