dataset,polluter,level,model,r2,r2_clipped,dsc_score,grade
CaliforniaHousing,completeness,0.1,LinearRegression,0.4009,0.4009,83.83,B
CaliforniaHousing,completeness,0.1,RandomForestReg,0.7804,0.7804,83.83,B
CaliforniaHousing,completeness,0.1,XGBoostReg,0.8237,0.8237,83.83,B
CaliforniaHousing,completeness,0.1,MLPReg,0.7231,0.7231,83.83,B
CaliforniaHousing,completeness,0.25,LinearRegression,0.2573,0.2573,78.99,B
CaliforniaHousing,completeness,0.25,RandomForestReg,0.7542,0.7542,78.99,B
CaliforniaHousing,completeness,0.25,XGBoostReg,0.7975,0.7975,78.99,B
CaliforniaHousing,completeness,0.25,MLPReg,0.6539,0.6539,78.99,B
CaliforniaHousing,completeness,0.5,LinearRegression,0.1097,0.1097,71.43,C
CaliforniaHousing,completeness,0.5,RandomForestReg,0.6843,0.6843,71.43,C
CaliforniaHousing,completeness,0.5,XGBoostReg,0.7365,0.7365,71.43,C
CaliforniaHousing,completeness,0.5,MLPReg,0.5497,0.5497,71.43,C
CaliforniaHousing,completeness,0.75,LinearRegression,0.0751,0.0751,63.38,C
CaliforniaHousing,completeness,0.75,RandomForestReg,0.6182,0.6182,63.38,C
CaliforniaHousing,completeness,0.75,XGBoostReg,0.5258,0.5258,63.38,C
CaliforniaHousing,completeness,0.75,MLPReg,0.476,0.476,63.38,C
CaliforniaHousing,completeness,0.9,LinearRegression,-0.0185,0.0,55.53,D
CaliforniaHousing,completeness,0.9,RandomForestReg,0.4879,0.4879,55.53,D
CaliforniaHousing,completeness,0.9,XGBoostReg,0.1281,0.1281,55.53,D
CaliforniaHousing,completeness,0.9,MLPReg,0.1531,0.1531,55.53,D
CaliforniaHousing,completeness,0.95,LinearRegression,-0.0388,0.0,51.14,D
CaliforniaHousing,completeness,0.95,RandomForestReg,0.3624,0.3624,51.14,D
CaliforniaHousing,completeness,0.95,XGBoostReg,-0.9383,0.0,51.14,D
CaliforniaHousing,completeness,0.95,MLPReg,0.3516,0.3516,51.14,D
CaliforniaHousing,feature_accuracy,0.1,LinearRegression,0.5277,0.5277,84.02,B
CaliforniaHousing,feature_accuracy,0.1,RandomForestReg,0.6622,0.6622,84.02,B
CaliforniaHousing,feature_accuracy,0.1,XGBoostReg,0.6592,0.6592,84.02,B
CaliforniaHousing,feature_accuracy,0.1,MLPReg,0.664,0.664,84.02,B
CaliforniaHousing,feature_accuracy,0.25,LinearRegression,0.4891,0.4891,81.7,B
CaliforniaHousing,feature_accuracy,0.25,RandomForestReg,0.5445,0.5445,81.7,B
CaliforniaHousing,feature_accuracy,0.25,XGBoostReg,0.5277,0.5277,81.7,B
CaliforniaHousing,feature_accuracy,0.25,MLPReg,0.5627,0.5627,81.7,B
CaliforniaHousing,feature_accuracy,0.5,LinearRegression,0.3729,0.3729,79.39,B
CaliforniaHousing,feature_accuracy,0.5,RandomForestReg,0.3744,0.3744,79.39,B
CaliforniaHousing,feature_accuracy,0.5,XGBoostReg,0.3454,0.3454,79.39,B
CaliforniaHousing,feature_accuracy,0.5,MLPReg,0.3995,0.3995,79.39,B
CaliforniaHousing,feature_accuracy,0.75,LinearRegression,0.2572,0.2572,78.42,B
CaliforniaHousing,feature_accuracy,0.75,RandomForestReg,0.2397,0.2397,78.42,B
CaliforniaHousing,feature_accuracy,0.75,XGBoostReg,0.2338,0.2338,78.42,B
CaliforniaHousing,feature_accuracy,0.75,MLPReg,0.2574,0.2574,78.42,B
CaliforniaHousing,feature_accuracy,0.9,LinearRegression,0.2055,0.2055,77.9,B
CaliforniaHousing,feature_accuracy,0.9,RandomForestReg,0.1786,0.1786,77.9,B
CaliforniaHousing,feature_accuracy,0.9,XGBoostReg,0.1552,0.1552,77.9,B
CaliforniaHousing,feature_accuracy,0.9,MLPReg,0.194,0.194,77.9,B
CaliforniaHousing,feature_accuracy,0.95,LinearRegression,0.1911,0.1911,77.69,B
CaliforniaHousing,feature_accuracy,0.95,RandomForestReg,0.1769,0.1769,77.69,B
CaliforniaHousing,feature_accuracy,0.95,XGBoostReg,0.1504,0.1504,77.69,B
CaliforniaHousing,feature_accuracy,0.95,MLPReg,0.1846,0.1846,77.69,B
CaliforniaHousing,none,0.0,LinearRegression,0.5966,0.5966,88.73,B
CaliforniaHousing,none,0.0,RandomForestReg,0.8065,0.8065,88.73,B
CaliforniaHousing,none,0.0,XGBoostReg,0.8327,0.8327,88.73,B
CaliforniaHousing,none,0.0,MLPReg,0.79,0.79,88.73,B
CaliforniaHousing,target_distribution_skew,0.1,LinearRegression,0.5974,0.5974,88.61,B
CaliforniaHousing,target_distribution_skew,0.1,RandomForestReg,0.8054,0.8054,88.61,B
CaliforniaHousing,target_distribution_skew,0.1,XGBoostReg,0.8323,0.8323,88.61,B
CaliforniaHousing,target_distribution_skew,0.1,MLPReg,0.7896,0.7896,88.61,B
CaliforniaHousing,target_distribution_skew,0.25,LinearRegression,0.597,0.597,88.74,B
CaliforniaHousing,target_distribution_skew,0.25,RandomForestReg,0.8008,0.8008,88.74,B
CaliforniaHousing,target_distribution_skew,0.25,XGBoostReg,0.8293,0.8293,88.74,B
CaliforniaHousing,target_distribution_skew,0.25,MLPReg,0.7919,0.7919,88.74,B
CaliforniaHousing,target_distribution_skew,0.5,LinearRegression,0.5896,0.5896,87.71,B
CaliforniaHousing,target_distribution_skew,0.5,RandomForestReg,0.7953,0.7953,87.71,B
CaliforniaHousing,target_distribution_skew,0.5,XGBoostReg,0.8286,0.8286,87.71,B
CaliforniaHousing,target_distribution_skew,0.5,MLPReg,0.7806,0.7806,87.71,B
CaliforniaHousing,target_distribution_skew,0.75,LinearRegression,0.5656,0.5656,87.14,B
CaliforniaHousing,target_distribution_skew,0.75,RandomForestReg,0.7799,0.7799,87.14,B
CaliforniaHousing,target_distribution_skew,0.75,XGBoostReg,0.8105,0.8105,87.14,B
CaliforniaHousing,target_distribution_skew,0.75,MLPReg,0.7784,0.7784,87.14,B
CaliforniaHousing,target_distribution_skew,0.9,LinearRegression,0.5201,0.5201,86.44,B
CaliforniaHousing,target_distribution_skew,0.9,RandomForestReg,0.7286,0.7286,86.44,B
CaliforniaHousing,target_distribution_skew,0.9,XGBoostReg,0.7871,0.7871,86.44,B
CaliforniaHousing,target_distribution_skew,0.9,MLPReg,0.7028,0.7028,86.44,B
CaliforniaHousing,target_distribution_skew,0.95,LinearRegression,0.4919,0.4919,86.21,B
CaliforniaHousing,target_distribution_skew,0.95,RandomForestReg,0.6822,0.6822,86.21,B
CaliforniaHousing,target_distribution_skew,0.95,XGBoostReg,0.7268,0.7268,86.21,B
CaliforniaHousing,target_distribution_skew,0.95,MLPReg,0.6843,0.6843,86.21,B
CaliforniaHousing,uniqueness,0.1,LinearRegression,0.596,0.596,83.61,B
CaliforniaHousing,uniqueness,0.1,RandomForestReg,0.804,0.804,83.61,B
CaliforniaHousing,uniqueness,0.1,XGBoostReg,0.831,0.831,83.61,B
CaliforniaHousing,uniqueness,0.1,MLPReg,0.795,0.795,83.61,B
CaliforniaHousing,uniqueness,0.25,LinearRegression,0.5973,0.5973,81.6,B
CaliforniaHousing,uniqueness,0.25,RandomForestReg,0.8049,0.8049,81.6,B
CaliforniaHousing,uniqueness,0.25,XGBoostReg,0.8303,0.8303,81.6,B
CaliforniaHousing,uniqueness,0.25,MLPReg,0.7924,0.7924,81.6,B
CaliforniaHousing,uniqueness,0.5,LinearRegression,0.5967,0.5967,78.82,B
CaliforniaHousing,uniqueness,0.5,RandomForestReg,0.805,0.805,78.82,B
CaliforniaHousing,uniqueness,0.5,XGBoostReg,0.8293,0.8293,78.82,B
CaliforniaHousing,uniqueness,0.5,MLPReg,0.7781,0.7781,78.82,B
CaliforniaHousing,uniqueness,0.75,LinearRegression,0.5969,0.5969,77.85,B
CaliforniaHousing,uniqueness,0.75,RandomForestReg,0.798,0.798,77.85,B
CaliforniaHousing,uniqueness,0.75,XGBoostReg,0.8273,0.8273,77.85,B
CaliforniaHousing,uniqueness,0.75,MLPReg,0.7838,0.7838,77.85,B
CaliforniaHousing,uniqueness,0.9,LinearRegression,0.5966,0.5966,76.86,B
CaliforniaHousing,uniqueness,0.9,RandomForestReg,0.7963,0.7963,76.86,B
CaliforniaHousing,uniqueness,0.9,XGBoostReg,0.8251,0.8251,76.86,B
CaliforniaHousing,uniqueness,0.9,MLPReg,0.7733,0.7733,76.86,B
CaliforniaHousing,uniqueness,0.95,LinearRegression,0.5965,0.5965,76.8,B
CaliforniaHousing,uniqueness,0.95,RandomForestReg,0.7908,0.7908,76.8,B
CaliforniaHousing,uniqueness,0.95,XGBoostReg,0.8304,0.8304,76.8,B
CaliforniaHousing,uniqueness,0.95,MLPReg,0.7608,0.7608,76.8,B
BikeSharing,completeness,0.1,LinearRegression,0.3024,0.3024,84.31,B
BikeSharing,completeness,0.1,RandomForestReg,0.9367,0.9367,84.31,B
BikeSharing,completeness,0.1,XGBoostReg,0.9403,0.9403,84.31,B
BikeSharing,completeness,0.1,MLPReg,0.9144,0.9144,84.31,B
BikeSharing,completeness,0.25,LinearRegression,0.2292,0.2292,78.83,B
BikeSharing,completeness,0.25,RandomForestReg,0.9191,0.9191,78.83,B
BikeSharing,completeness,0.25,XGBoostReg,0.9199,0.9199,78.83,B
BikeSharing,completeness,0.25,MLPReg,0.8072,0.8072,78.83,B
BikeSharing,completeness,0.5,LinearRegression,0.1445,0.1445,70.66,C
BikeSharing,completeness,0.5,RandomForestReg,0.8771,0.8771,70.66,C
BikeSharing,completeness,0.5,XGBoostReg,0.8348,0.8348,70.66,C
BikeSharing,completeness,0.5,MLPReg,0.6088,0.6088,70.66,C
BikeSharing,completeness,0.75,LinearRegression,0.0559,0.0559,63.25,C
BikeSharing,completeness,0.75,RandomForestReg,0.6543,0.6543,63.25,C
BikeSharing,completeness,0.75,XGBoostReg,0.2088,0.2088,63.25,C
BikeSharing,completeness,0.75,MLPReg,0.4026,0.4026,63.25,C
BikeSharing,completeness,0.9,LinearRegression,-0.0462,0.0,54.81,D
BikeSharing,completeness,0.9,RandomForestReg,0.2382,0.2382,54.81,D
BikeSharing,completeness,0.9,XGBoostReg,-3.9948,0.0,54.81,D
BikeSharing,completeness,0.9,MLPReg,-0.6195,0.0,54.81,D
BikeSharing,completeness,0.95,LinearRegression,-0.2227,0.0,50.1,D
BikeSharing,completeness,0.95,RandomForestReg,-0.3689,0.0,50.1,D
BikeSharing,completeness,0.95,XGBoostReg,-5.6263,0.0,50.1,D
BikeSharing,completeness,0.95,MLPReg,-1.3937,0.0,50.1,D
BikeSharing,consistent_repr,0.1,LinearRegression,0.4074,0.4074,86.56,B
BikeSharing,consistent_repr,0.1,RandomForestReg,0.9411,0.9411,86.56,B
BikeSharing,consistent_repr,0.1,XGBoostReg,0.9484,0.9484,86.56,B
BikeSharing,consistent_repr,0.1,MLPReg,0.9346,0.9346,86.56,B
BikeSharing,consistent_repr,0.25,LinearRegression,0.407,0.407,84.79,B
BikeSharing,consistent_repr,0.25,RandomForestReg,0.9374,0.9374,84.79,B
BikeSharing,consistent_repr,0.25,XGBoostReg,0.944,0.944,84.79,B
BikeSharing,consistent_repr,0.25,MLPReg,0.937,0.937,84.79,B
BikeSharing,consistent_repr,0.5,LinearRegression,0.4073,0.4073,82.46,B
BikeSharing,consistent_repr,0.5,RandomForestReg,0.931,0.931,82.46,B
BikeSharing,consistent_repr,0.5,XGBoostReg,0.939,0.939,82.46,B
BikeSharing,consistent_repr,0.5,MLPReg,0.9307,0.9307,82.46,B
BikeSharing,consistent_repr,0.75,LinearRegression,0.4065,0.4065,79.9,B
BikeSharing,consistent_repr,0.75,RandomForestReg,0.9164,0.9164,79.9,B
BikeSharing,consistent_repr,0.75,XGBoostReg,0.9311,0.9311,79.9,B
BikeSharing,consistent_repr,0.75,MLPReg,0.9193,0.9193,79.9,B
BikeSharing,consistent_repr,0.9,LinearRegression,0.3923,0.3923,78.23,B
BikeSharing,consistent_repr,0.9,RandomForestReg,0.8809,0.8809,78.23,B
BikeSharing,consistent_repr,0.9,XGBoostReg,0.8993,0.8993,78.23,B
BikeSharing,consistent_repr,0.9,MLPReg,0.894,0.894,78.23,B
BikeSharing,consistent_repr,0.95,LinearRegression,0.3992,0.3992,77.79,B
BikeSharing,consistent_repr,0.95,RandomForestReg,0.8081,0.8081,77.79,B
BikeSharing,consistent_repr,0.95,XGBoostReg,0.848,0.848,77.79,B
BikeSharing,consistent_repr,0.95,MLPReg,0.8767,0.8767,77.79,B
BikeSharing,feature_accuracy,0.1,LinearRegression,0.4057,0.4057,85.22,B
BikeSharing,feature_accuracy,0.1,RandomForestReg,0.8458,0.8458,85.22,B
BikeSharing,feature_accuracy,0.1,XGBoostReg,0.8438,0.8438,85.22,B
BikeSharing,feature_accuracy,0.1,MLPReg,0.8299,0.8299,85.22,B
BikeSharing,feature_accuracy,0.25,LinearRegression,0.3918,0.3918,83.74,B
BikeSharing,feature_accuracy,0.25,RandomForestReg,0.6274,0.6274,83.74,B
BikeSharing,feature_accuracy,0.25,XGBoostReg,0.6495,0.6495,83.74,B
BikeSharing,feature_accuracy,0.25,MLPReg,0.6274,0.6274,83.74,B
BikeSharing,feature_accuracy,0.5,LinearRegression,0.3369,0.3369,80.91,B
BikeSharing,feature_accuracy,0.5,RandomForestReg,0.4492,0.4492,80.91,B
BikeSharing,feature_accuracy,0.5,XGBoostReg,0.453,0.453,80.91,B
BikeSharing,feature_accuracy,0.5,MLPReg,0.4654,0.4654,80.91,B
BikeSharing,feature_accuracy,0.75,LinearRegression,0.2578,0.2578,79.39,B
BikeSharing,feature_accuracy,0.75,RandomForestReg,0.3556,0.3556,79.39,B
BikeSharing,feature_accuracy,0.75,XGBoostReg,0.2856,0.2856,79.39,B
BikeSharing,feature_accuracy,0.75,MLPReg,0.3304,0.3304,79.39,B
BikeSharing,feature_accuracy,0.9,LinearRegression,0.1757,0.1757,78.71,B
BikeSharing,feature_accuracy,0.9,RandomForestReg,0.311,0.311,78.71,B
BikeSharing,feature_accuracy,0.9,XGBoostReg,0.2474,0.2474,78.71,B
BikeSharing,feature_accuracy,0.9,MLPReg,0.2322,0.2322,78.71,B
BikeSharing,feature_accuracy,0.95,LinearRegression,0.1605,0.1605,78.74,B
BikeSharing,feature_accuracy,0.95,RandomForestReg,0.2263,0.2263,78.74,B
BikeSharing,feature_accuracy,0.95,XGBoostReg,0.2159,0.2159,78.74,B
BikeSharing,feature_accuracy,0.95,MLPReg,0.1727,0.1727,78.74,B
BikeSharing,none,0.0,LinearRegression,0.4073,0.4073,87.31,B
BikeSharing,none,0.0,RandomForestReg,0.945,0.945,87.31,B
BikeSharing,none,0.0,XGBoostReg,0.9496,0.9496,87.31,B
BikeSharing,none,0.0,MLPReg,0.9403,0.9403,87.31,B
BikeSharing,target_distribution_skew,0.1,LinearRegression,0.4056,0.4056,87.34,B
BikeSharing,target_distribution_skew,0.1,RandomForestReg,0.9448,0.9448,87.34,B
BikeSharing,target_distribution_skew,0.1,XGBoostReg,0.9458,0.9458,87.34,B
BikeSharing,target_distribution_skew,0.1,MLPReg,0.9404,0.9404,87.34,B
BikeSharing,target_distribution_skew,0.25,LinearRegression,0.3993,0.3993,87.79,B
BikeSharing,target_distribution_skew,0.25,RandomForestReg,0.9429,0.9429,87.79,B
BikeSharing,target_distribution_skew,0.25,XGBoostReg,0.9453,0.9453,87.79,B
BikeSharing,target_distribution_skew,0.25,MLPReg,0.9431,0.9431,87.79,B
BikeSharing,target_distribution_skew,0.5,LinearRegression,0.3725,0.3725,87.8,B
BikeSharing,target_distribution_skew,0.5,RandomForestReg,0.9417,0.9417,87.8,B
BikeSharing,target_distribution_skew,0.5,XGBoostReg,0.9417,0.9417,87.8,B
BikeSharing,target_distribution_skew,0.5,MLPReg,0.9314,0.9314,87.8,B
BikeSharing,target_distribution_skew,0.75,LinearRegression,0.3001,0.3001,86.01,B
BikeSharing,target_distribution_skew,0.75,RandomForestReg,0.9268,0.9268,86.01,B
BikeSharing,target_distribution_skew,0.75,XGBoostReg,0.936,0.936,86.01,B
BikeSharing,target_distribution_skew,0.75,MLPReg,0.9188,0.9188,86.01,B
BikeSharing,target_distribution_skew,0.9,LinearRegression,0.2204,0.2204,86.91,B
BikeSharing,target_distribution_skew,0.9,RandomForestReg,0.8759,0.8759,86.91,B
BikeSharing,target_distribution_skew,0.9,XGBoostReg,0.907,0.907,86.91,B
BikeSharing,target_distribution_skew,0.9,MLPReg,0.857,0.857,86.91,B
BikeSharing,target_distribution_skew,0.95,LinearRegression,0.1763,0.1763,84.99,B
BikeSharing,target_distribution_skew,0.95,RandomForestReg,0.8018,0.8018,84.99,B
BikeSharing,target_distribution_skew,0.95,XGBoostReg,0.8779,0.8779,84.99,B
BikeSharing,target_distribution_skew,0.95,MLPReg,0.7645,0.7645,84.99,B
BikeSharing,uniqueness,0.1,LinearRegression,0.4069,0.4069,82.55,B
BikeSharing,uniqueness,0.1,RandomForestReg,0.9439,0.9439,82.55,B
BikeSharing,uniqueness,0.1,XGBoostReg,0.9491,0.9491,82.55,B
BikeSharing,uniqueness,0.1,MLPReg,0.9415,0.9415,82.55,B
BikeSharing,uniqueness,0.25,LinearRegression,0.4077,0.4077,80.35,B
BikeSharing,uniqueness,0.25,RandomForestReg,0.9405,0.9405,80.35,B
BikeSharing,uniqueness,0.25,XGBoostReg,0.9493,0.9493,80.35,B
BikeSharing,uniqueness,0.25,MLPReg,0.9436,0.9436,80.35,B
BikeSharing,uniqueness,0.5,LinearRegression,0.4072,0.4072,76.69,B
BikeSharing,uniqueness,0.5,RandomForestReg,0.9383,0.9383,76.69,B
BikeSharing,uniqueness,0.5,XGBoostReg,0.9483,0.9483,76.69,B
BikeSharing,uniqueness,0.5,MLPReg,0.9467,0.9467,76.69,B
BikeSharing,uniqueness,0.75,LinearRegression,0.4074,0.4074,76.56,B
BikeSharing,uniqueness,0.75,RandomForestReg,0.9352,0.9352,76.56,B
BikeSharing,uniqueness,0.75,XGBoostReg,0.9481,0.9481,76.56,B
BikeSharing,uniqueness,0.75,MLPReg,0.9463,0.9463,76.56,B
BikeSharing,uniqueness,0.9,LinearRegression,0.4071,0.4071,75.12,B
BikeSharing,uniqueness,0.9,RandomForestReg,0.9326,0.9326,75.12,B
BikeSharing,uniqueness,0.9,XGBoostReg,0.949,0.949,75.12,B
BikeSharing,uniqueness,0.9,MLPReg,0.9467,0.9467,75.12,B
BikeSharing,uniqueness,0.95,LinearRegression,0.4071,0.4071,75.92,B
BikeSharing,uniqueness,0.95,RandomForestReg,0.9308,0.9308,75.92,B
BikeSharing,uniqueness,0.95,XGBoostReg,0.9502,0.9502,75.92,B
BikeSharing,uniqueness,0.95,MLPReg,0.9484,0.9484,75.92,B
WineQuality,completeness,0.1,LinearRegression,0.0707,0.0707,78.88,B
WineQuality,completeness,0.1,RandomForestReg,0.4466,0.4466,78.88,B
WineQuality,completeness,0.1,XGBoostReg,0.3829,0.3829,78.88,B
WineQuality,completeness,0.1,MLPReg,0.278,0.278,78.88,B
WineQuality,completeness,0.25,LinearRegression,0.0328,0.0328,74.08,C
WineQuality,completeness,0.25,RandomForestReg,0.379,0.379,74.08,C
WineQuality,completeness,0.25,XGBoostReg,0.3223,0.3223,74.08,C
WineQuality,completeness,0.25,MLPReg,0.2203,0.2203,74.08,C
WineQuality,completeness,0.5,LinearRegression,0.0106,0.0106,66.85,C
WineQuality,completeness,0.5,RandomForestReg,0.3169,0.3169,66.85,C
WineQuality,completeness,0.5,XGBoostReg,0.1324,0.1324,66.85,C
WineQuality,completeness,0.5,MLPReg,0.1066,0.1066,66.85,C
WineQuality,completeness,0.75,LinearRegression,0.0091,0.0091,59.05,D
WineQuality,completeness,0.75,RandomForestReg,0.1431,0.1431,59.05,D
WineQuality,completeness,0.75,XGBoostReg,-0.2475,0.0,59.05,D
WineQuality,completeness,0.75,MLPReg,-0.1163,0.0,59.05,D
WineQuality,completeness,0.9,LinearRegression,-0.0696,0.0,49.75,D
WineQuality,completeness,0.9,RandomForestReg,0.1138,0.1138,49.75,D
WineQuality,completeness,0.9,XGBoostReg,-0.9303,0.0,49.75,D
WineQuality,completeness,0.9,MLPReg,-0.0233,0.0,49.75,D
WineQuality,completeness,0.95,LinearRegression,0.0075,0.0075,44.34,D
WineQuality,completeness,0.95,RandomForestReg,0.1001,0.1001,44.34,D
WineQuality,completeness,0.95,XGBoostReg,-2.5576,0.0,44.34,D
WineQuality,completeness,0.95,MLPReg,-0.4343,0.0,44.34,D
WineQuality,feature_accuracy,0.1,LinearRegression,0.2434,0.2434,78.52,B
WineQuality,feature_accuracy,0.1,RandomForestReg,0.3593,0.3593,78.52,B
WineQuality,feature_accuracy,0.1,XGBoostReg,0.2915,0.2915,78.52,B
WineQuality,feature_accuracy,0.1,MLPReg,0.2939,0.2939,78.52,B
WineQuality,feature_accuracy,0.25,LinearRegression,0.1622,0.1622,76.33,B
WineQuality,feature_accuracy,0.25,RandomForestReg,0.2572,0.2572,76.33,B
WineQuality,feature_accuracy,0.25,XGBoostReg,0.1986,0.1986,76.33,B
WineQuality,feature_accuracy,0.25,MLPReg,0.1905,0.1905,76.33,B
WineQuality,feature_accuracy,0.5,LinearRegression,0.1024,0.1024,75.93,B
WineQuality,feature_accuracy,0.5,RandomForestReg,0.1284,0.1284,75.93,B
WineQuality,feature_accuracy,0.5,XGBoostReg,0.0607,0.0607,75.93,B
WineQuality,feature_accuracy,0.5,MLPReg,0.0783,0.0783,75.93,B
WineQuality,feature_accuracy,0.75,LinearRegression,0.0704,0.0704,74.98,C
WineQuality,feature_accuracy,0.75,RandomForestReg,0.0762,0.0762,74.98,C
WineQuality,feature_accuracy,0.75,XGBoostReg,-0.0425,0.0,74.98,C
WineQuality,feature_accuracy,0.75,MLPReg,0.0221,0.0221,74.98,C
WineQuality,feature_accuracy,0.9,LinearRegression,0.0572,0.0572,74.6,C
WineQuality,feature_accuracy,0.9,RandomForestReg,0.0553,0.0553,74.6,C
WineQuality,feature_accuracy,0.9,XGBoostReg,-0.013,0.0,74.6,C
WineQuality,feature_accuracy,0.9,MLPReg,-0.0008,0.0,74.6,C
WineQuality,feature_accuracy,0.95,LinearRegression,0.0535,0.0535,74.39,C
WineQuality,feature_accuracy,0.95,RandomForestReg,0.0629,0.0629,74.39,C
WineQuality,feature_accuracy,0.95,XGBoostReg,-0.0512,0.0,74.39,C
WineQuality,feature_accuracy,0.95,MLPReg,-0.0103,0.0,74.39,C
WineQuality,none,0.0,LinearRegression,0.2736,0.2736,79.08,B
WineQuality,none,0.0,RandomForestReg,0.4905,0.4905,79.08,B
WineQuality,none,0.0,XGBoostReg,0.4122,0.4122,79.08,B
WineQuality,none,0.0,MLPReg,0.3651,0.3651,79.08,B
WineQuality,target_distribution_skew,0.1,LinearRegression,0.2748,0.2748,78.58,B
WineQuality,target_distribution_skew,0.1,RandomForestReg,0.4871,0.4871,78.58,B
WineQuality,target_distribution_skew,0.1,XGBoostReg,0.4242,0.4242,78.58,B
WineQuality,target_distribution_skew,0.1,MLPReg,0.3475,0.3475,78.58,B
WineQuality,target_distribution_skew,0.25,LinearRegression,0.2729,0.2729,79.01,B
WineQuality,target_distribution_skew,0.25,RandomForestReg,0.4693,0.4693,79.01,B
WineQuality,target_distribution_skew,0.25,XGBoostReg,0.3991,0.3991,79.01,B
WineQuality,target_distribution_skew,0.25,MLPReg,0.3231,0.3231,79.01,B
WineQuality,target_distribution_skew,0.5,LinearRegression,0.25,0.25,79.91,B
WineQuality,target_distribution_skew,0.5,RandomForestReg,0.4046,0.4046,79.91,B
WineQuality,target_distribution_skew,0.5,XGBoostReg,0.3323,0.3323,79.91,B
WineQuality,target_distribution_skew,0.5,MLPReg,0.3188,0.3188,79.91,B
WineQuality,target_distribution_skew,0.75,LinearRegression,0.1351,0.1351,79.32,B
WineQuality,target_distribution_skew,0.75,RandomForestReg,0.2844,0.2844,79.32,B
WineQuality,target_distribution_skew,0.75,XGBoostReg,0.2073,0.2073,79.32,B
WineQuality,target_distribution_skew,0.75,MLPReg,0.1767,0.1767,79.32,B
WineQuality,target_distribution_skew,0.9,LinearRegression,-0.1772,0.0,77.44,B
WineQuality,target_distribution_skew,0.9,RandomForestReg,0.0172,0.0172,77.44,B
WineQuality,target_distribution_skew,0.9,XGBoostReg,-0.0835,0.0,77.44,B
WineQuality,target_distribution_skew,0.9,MLPReg,-0.0176,0.0,77.44,B
WineQuality,target_distribution_skew,0.95,LinearRegression,-0.4648,0.0,78.42,B
WineQuality,target_distribution_skew,0.95,RandomForestReg,-0.2028,0.0,78.42,B
WineQuality,target_distribution_skew,0.95,XGBoostReg,-0.2443,0.0,78.42,B
WineQuality,target_distribution_skew,0.95,MLPReg,-0.2936,0.0,78.42,B
WineQuality,uniqueness,0.1,LinearRegression,0.2767,0.2767,76.2,B
WineQuality,uniqueness,0.1,RandomForestReg,0.4937,0.4937,76.2,B
WineQuality,uniqueness,0.1,XGBoostReg,0.3819,0.3819,76.2,B
WineQuality,uniqueness,0.1,MLPReg,0.3354,0.3354,76.2,B
WineQuality,uniqueness,0.25,LinearRegression,0.2769,0.2769,73.86,C
WineQuality,uniqueness,0.25,RandomForestReg,0.4862,0.4862,73.86,C
WineQuality,uniqueness,0.25,XGBoostReg,0.3935,0.3935,73.86,C
WineQuality,uniqueness,0.25,MLPReg,0.3316,0.3316,73.86,C
WineQuality,uniqueness,0.5,LinearRegression,0.2753,0.2753,71.09,C
WineQuality,uniqueness,0.5,RandomForestReg,0.4787,0.4787,71.09,C
WineQuality,uniqueness,0.5,XGBoostReg,0.3895,0.3895,71.09,C
WineQuality,uniqueness,0.5,MLPReg,0.2764,0.2764,71.09,C
WineQuality,uniqueness,0.75,LinearRegression,0.2745,0.2745,70.07,C
WineQuality,uniqueness,0.75,RandomForestReg,0.4798,0.4798,70.07,C
WineQuality,uniqueness,0.75,XGBoostReg,0.4091,0.4091,70.07,C
WineQuality,uniqueness,0.75,MLPReg,0.2305,0.2305,70.07,C
WineQuality,uniqueness,0.9,LinearRegression,0.2753,0.2753,69.24,C
WineQuality,uniqueness,0.9,RandomForestReg,0.4852,0.4852,69.24,C
WineQuality,uniqueness,0.9,XGBoostReg,0.4058,0.4058,69.24,C
WineQuality,uniqueness,0.9,MLPReg,0.1784,0.1784,69.24,C
WineQuality,uniqueness,0.95,LinearRegression,0.275,0.275,68.63,C
WineQuality,uniqueness,0.95,RandomForestReg,0.4636,0.4636,68.63,C
WineQuality,uniqueness,0.95,XGBoostReg,0.3914,0.3914,68.63,C
WineQuality,uniqueness,0.95,MLPReg,0.1669,0.1669,68.63,C
