dataset,polluter,level,method,model,score
UTKFace,none,0.0,probe,ridge,0.1522
UTKFace,none,0.0,probe,random_forest,0.5409
UTKFace,none,0.0,probe,mlp,0.4324
UTKFace,none,0.0,probe,knn,0.4485
UTKFace,completeness_image,0.1,probe,ridge,0.1667
UTKFace,completeness_image,0.1,probe,random_forest,0.5352
UTKFace,completeness_image,0.1,probe,mlp,0.437
UTKFace,completeness_image,0.1,probe,knn,0.4466
UTKFace,noise_injection,0.1,probe,ridge,0.0433
UTKFace,noise_injection,0.1,probe,random_forest,0.4534
UTKFace,noise_injection,0.1,probe,mlp,0.3
UTKFace,noise_injection,0.1,probe,knn,0.4015
UTKFace,blur,0.1,probe,ridge,0.1648
UTKFace,blur,0.1,probe,random_forest,0.5321
UTKFace,blur,0.1,probe,mlp,0.419
UTKFace,blur,0.1,probe,knn,0.4569
UTKFace,target_distribution_skew,0.1,probe,ridge,0.146
UTKFace,target_distribution_skew,0.1,probe,random_forest,0.538
UTKFace,target_distribution_skew,0.1,probe,mlp,0.4278
UTKFace,target_distribution_skew,0.1,probe,knn,0.4385
UTKFace,target_noise,0.1,probe,ridge,0.1111
UTKFace,target_noise,0.1,probe,random_forest,0.5399
UTKFace,target_noise,0.1,probe,mlp,0.4252
UTKFace,target_noise,0.1,probe,knn,0.4388
UTKFace,completeness_image,0.3,probe,ridge,0.2706
UTKFace,completeness_image,0.3,probe,random_forest,0.5244
UTKFace,completeness_image,0.3,probe,mlp,0.4659
UTKFace,completeness_image,0.3,probe,knn,0.4352
UTKFace,noise_injection,0.3,probe,ridge,0.0
UTKFace,noise_injection,0.3,probe,random_forest,0.4791
UTKFace,noise_injection,0.3,probe,mlp,0.0
UTKFace,noise_injection,0.3,probe,knn,0.1114
UTKFace,blur,0.3,probe,ridge,0.0
UTKFace,blur,0.3,probe,random_forest,0.5196
UTKFace,blur,0.3,probe,mlp,0.3414
UTKFace,blur,0.3,probe,knn,0.4423
UTKFace,target_distribution_skew,0.3,probe,ridge,0.1223
UTKFace,target_distribution_skew,0.3,probe,random_forest,0.5212
UTKFace,target_distribution_skew,0.3,probe,mlp,0.4344
UTKFace,target_distribution_skew,0.3,probe,knn,0.4333
UTKFace,target_noise,0.3,probe,ridge,0.0
UTKFace,target_noise,0.3,probe,random_forest,0.5346
UTKFace,target_noise,0.3,probe,mlp,0.2388
UTKFace,target_noise,0.3,probe,knn,0.4013
UTKFace,completeness_image,0.5,probe,ridge,0.2472
UTKFace,completeness_image,0.5,probe,random_forest,0.5042
UTKFace,completeness_image,0.5,probe,mlp,0.431
UTKFace,completeness_image,0.5,probe,knn,0.4158
UTKFace,noise_injection,0.5,probe,ridge,0.0
UTKFace,noise_injection,0.5,probe,random_forest,0.4397
UTKFace,noise_injection,0.5,probe,mlp,0.0
UTKFace,noise_injection,0.5,probe,knn,0.2273
UTKFace,blur,0.5,probe,ridge,0.0
UTKFace,blur,0.5,probe,random_forest,0.4279
UTKFace,blur,0.5,probe,mlp,0.1464
UTKFace,blur,0.5,probe,knn,0.4143
UTKFace,target_distribution_skew,0.5,probe,ridge,0.0631
UTKFace,target_distribution_skew,0.5,probe,random_forest,0.5075
UTKFace,target_distribution_skew,0.5,probe,mlp,0.4066
UTKFace,target_distribution_skew,0.5,probe,knn,0.4069
UTKFace,target_noise,0.5,probe,ridge,0.0
UTKFace,target_noise,0.5,probe,random_forest,0.5093
UTKFace,target_noise,0.5,probe,mlp,0.0
UTKFace,target_noise,0.5,probe,knn,0.3397
UTKFace,completeness_image,0.7,probe,ridge,0.0672
UTKFace,completeness_image,0.7,probe,random_forest,0.4577
UTKFace,completeness_image,0.7,probe,mlp,0.4227
UTKFace,completeness_image,0.7,probe,knn,0.3958
UTKFace,noise_injection,0.7,probe,ridge,0.0
UTKFace,noise_injection,0.7,probe,random_forest,0.315
UTKFace,noise_injection,0.7,probe,mlp,0.0
UTKFace,noise_injection,0.7,probe,knn,0.1104
UTKFace,blur,0.7,probe,ridge,0.0
UTKFace,blur,0.7,probe,random_forest,0.3426
UTKFace,blur,0.7,probe,mlp,0.0
UTKFace,blur,0.7,probe,knn,0.379
UTKFace,target_distribution_skew,0.7,probe,ridge,0.1141
UTKFace,target_distribution_skew,0.7,probe,random_forest,0.4447
UTKFace,target_distribution_skew,0.7,probe,mlp,0.4261
UTKFace,target_distribution_skew,0.7,probe,knn,0.3327
UTKFace,target_noise,0.7,probe,ridge,0.0
UTKFace,target_noise,0.7,probe,random_forest,0.4602
UTKFace,target_noise,0.7,probe,mlp,0.0
UTKFace,target_noise,0.7,probe,knn,0.254
UTKFace,completeness_image,0.9,probe,ridge,0.0397
UTKFace,completeness_image,0.9,probe,random_forest,0.3803
UTKFace,completeness_image,0.9,probe,mlp,0.2944
UTKFace,completeness_image,0.9,probe,knn,0.3417
UTKFace,noise_injection,0.9,probe,ridge,0.0
UTKFace,noise_injection,0.9,probe,random_forest,0.0
UTKFace,noise_injection,0.9,probe,mlp,0.0
UTKFace,noise_injection,0.9,probe,knn,0.0924
UTKFace,blur,0.9,probe,ridge,0.0
UTKFace,blur,0.9,probe,random_forest,0.3455
UTKFace,blur,0.9,probe,mlp,0.0
UTKFace,blur,0.9,probe,knn,0.3893
UTKFace,target_distribution_skew,0.9,probe,ridge,0.0653
UTKFace,target_distribution_skew,0.9,probe,random_forest,0.3415
UTKFace,target_distribution_skew,0.9,probe,mlp,0.3371
UTKFace,target_distribution_skew,0.9,probe,knn,0.2576
UTKFace,target_noise,0.9,probe,ridge,0.0
UTKFace,target_noise,0.9,probe,random_forest,0.4224
UTKFace,target_noise,0.9,probe,mlp,0.0
UTKFace,target_noise,0.9,probe,knn,0.1443
SCUT_FBP5500,none,0.0,probe,ridge,0.2104
SCUT_FBP5500,none,0.0,probe,random_forest,0.4347
SCUT_FBP5500,none,0.0,probe,mlp,0.0
SCUT_FBP5500,none,0.0,probe,knn,0.3985
SCUT_FBP5500,completeness_image,0.1,probe,ridge,0.1654
SCUT_FBP5500,completeness_image,0.1,probe,random_forest,0.4282
SCUT_FBP5500,completeness_image,0.1,probe,mlp,0.0
SCUT_FBP5500,completeness_image,0.1,probe,knn,0.3903
SCUT_FBP5500,noise_injection,0.1,probe,ridge,0.0
SCUT_FBP5500,noise_injection,0.1,probe,random_forest,0.3984
SCUT_FBP5500,noise_injection,0.1,probe,mlp,0.0
SCUT_FBP5500,noise_injection,0.1,probe,knn,0.3735
SCUT_FBP5500,blur,0.1,probe,ridge,0.1994
SCUT_FBP5500,blur,0.1,probe,random_forest,0.4282
SCUT_FBP5500,blur,0.1,probe,mlp,0.0
SCUT_FBP5500,blur,0.1,probe,knn,0.3932
SCUT_FBP5500,target_distribution_skew,0.1,probe,ridge,0.1796
SCUT_FBP5500,target_distribution_skew,0.1,probe,random_forest,0.4327
SCUT_FBP5500,target_distribution_skew,0.1,probe,mlp,0.0
SCUT_FBP5500,target_distribution_skew,0.1,probe,knn,0.3897
SCUT_FBP5500,target_noise,0.1,probe,ridge,0.0669
SCUT_FBP5500,target_noise,0.1,probe,random_forest,0.4258
SCUT_FBP5500,target_noise,0.1,probe,mlp,0.0
SCUT_FBP5500,target_noise,0.1,probe,knn,0.3736
SCUT_FBP5500,completeness_image,0.3,probe,ridge,0.1278
SCUT_FBP5500,completeness_image,0.3,probe,random_forest,0.4066
SCUT_FBP5500,completeness_image,0.3,probe,mlp,0.0
SCUT_FBP5500,completeness_image,0.3,probe,knn,0.3491
SCUT_FBP5500,noise_injection,0.3,probe,ridge,0.0
SCUT_FBP5500,noise_injection,0.3,probe,random_forest,0.2002
SCUT_FBP5500,noise_injection,0.3,probe,mlp,0.0
SCUT_FBP5500,noise_injection,0.3,probe,knn,0.058
SCUT_FBP5500,blur,0.3,probe,ridge,0.0
SCUT_FBP5500,blur,0.3,probe,random_forest,0.394
SCUT_FBP5500,blur,0.3,probe,mlp,0.0
SCUT_FBP5500,blur,0.3,probe,knn,0.3681
SCUT_FBP5500,target_distribution_skew,0.3,probe,ridge,0.1736
SCUT_FBP5500,target_distribution_skew,0.3,probe,random_forest,0.4309
SCUT_FBP5500,target_distribution_skew,0.3,probe,mlp,0.0
SCUT_FBP5500,target_distribution_skew,0.3,probe,knn,0.3645
SCUT_FBP5500,target_noise,0.3,probe,ridge,0.0
SCUT_FBP5500,target_noise,0.3,probe,random_forest,0.4093
SCUT_FBP5500,target_noise,0.3,probe,mlp,0.0
SCUT_FBP5500,target_noise,0.3,probe,knn,0.2004
SCUT_FBP5500,completeness_image,0.5,probe,ridge,0.1993
SCUT_FBP5500,completeness_image,0.5,probe,random_forest,0.3857
SCUT_FBP5500,completeness_image,0.5,probe,mlp,0.0
SCUT_FBP5500,completeness_image,0.5,probe,knn,0.3202
SCUT_FBP5500,noise_injection,0.5,probe,ridge,0.0
SCUT_FBP5500,noise_injection,0.5,probe,random_forest,0.0
SCUT_FBP5500,noise_injection,0.5,probe,mlp,0.0
SCUT_FBP5500,noise_injection,0.5,probe,knn,0.0
SCUT_FBP5500,blur,0.5,probe,ridge,0.0
SCUT_FBP5500,blur,0.5,probe,random_forest,0.3778
SCUT_FBP5500,blur,0.5,probe,mlp,0.0
SCUT_FBP5500,blur,0.5,probe,knn,0.377
SCUT_FBP5500,target_distribution_skew,0.5,probe,ridge,0.0905
SCUT_FBP5500,target_distribution_skew,0.5,probe,random_forest,0.3938
SCUT_FBP5500,target_distribution_skew,0.5,probe,mlp,0.0
SCUT_FBP5500,target_distribution_skew,0.5,probe,knn,0.3331
SCUT_FBP5500,target_noise,0.5,probe,ridge,0.0
SCUT_FBP5500,target_noise,0.5,probe,random_forest,0.2842
SCUT_FBP5500,target_noise,0.5,probe,mlp,0.0
SCUT_FBP5500,target_noise,0.5,probe,knn,0.0
SCUT_FBP5500,completeness_image,0.7,probe,ridge,0.1071
SCUT_FBP5500,completeness_image,0.7,probe,random_forest,0.345
SCUT_FBP5500,completeness_image,0.7,probe,mlp,0.0
SCUT_FBP5500,completeness_image,0.7,probe,knn,0.3039
SCUT_FBP5500,noise_injection,0.7,probe,ridge,0.0
SCUT_FBP5500,noise_injection,0.7,probe,random_forest,0.0
SCUT_FBP5500,noise_injection,0.7,probe,mlp,0.0
SCUT_FBP5500,noise_injection,0.7,probe,knn,0.0
SCUT_FBP5500,blur,0.7,probe,ridge,0.0
SCUT_FBP5500,blur,0.7,probe,random_forest,0.3227
SCUT_FBP5500,blur,0.7,probe,mlp,0.0
SCUT_FBP5500,blur,0.7,probe,knn,0.3351
SCUT_FBP5500,target_distribution_skew,0.7,probe,ridge,0.0879
SCUT_FBP5500,target_distribution_skew,0.7,probe,random_forest,0.3528
SCUT_FBP5500,target_distribution_skew,0.7,probe,mlp,0.0
SCUT_FBP5500,target_distribution_skew,0.7,probe,knn,0.2933
SCUT_FBP5500,target_noise,0.7,probe,ridge,0.0
SCUT_FBP5500,target_noise,0.7,probe,random_forest,0.1053
SCUT_FBP5500,target_noise,0.7,probe,mlp,0.0
SCUT_FBP5500,target_noise,0.7,probe,knn,0.0
SCUT_FBP5500,completeness_image,0.9,probe,ridge,0.02
SCUT_FBP5500,completeness_image,0.9,probe,random_forest,0.3024
SCUT_FBP5500,completeness_image,0.9,probe,mlp,0.0
SCUT_FBP5500,completeness_image,0.9,probe,knn,0.2355
SCUT_FBP5500,noise_injection,0.9,probe,ridge,0.0
SCUT_FBP5500,noise_injection,0.9,probe,random_forest,0.0
SCUT_FBP5500,noise_injection,0.9,probe,mlp,0.0
SCUT_FBP5500,noise_injection,0.9,probe,knn,0.0
SCUT_FBP5500,blur,0.9,probe,ridge,0.0
SCUT_FBP5500,blur,0.9,probe,random_forest,0.2924
SCUT_FBP5500,blur,0.9,probe,mlp,0.0
SCUT_FBP5500,blur,0.9,probe,knn,0.2972
SCUT_FBP5500,target_distribution_skew,0.9,probe,ridge,0.056
SCUT_FBP5500,target_distribution_skew,0.9,probe,random_forest,0.2606
SCUT_FBP5500,target_distribution_skew,0.9,probe,mlp,0.0
SCUT_FBP5500,target_distribution_skew,0.9,probe,knn,0.1741
SCUT_FBP5500,target_noise,0.9,probe,ridge,0.0
SCUT_FBP5500,target_noise,0.9,probe,random_forest,0.0
SCUT_FBP5500,target_noise,0.9,probe,mlp,0.0
SCUT_FBP5500,target_noise,0.9,probe,knn,0.0
