dataset,polluter,level,method,model,score,task
ag_news,none,0.0,probe,logreg,0.867,classification
ag_news,none,0.0,probe,random_forest,0.8382,classification
ag_news,none,0.0,probe,mlp,0.8468,classification
ag_news,none,0.0,probe,knn,0.8352,classification
ag_news,completeness_text,0.1,probe,logreg,0.8502,classification
ag_news,completeness_text,0.1,probe,random_forest,0.8184,classification
ag_news,completeness_text,0.1,probe,mlp,0.8364,classification
ag_news,completeness_text,0.1,probe,knn,0.8112,classification
ag_news,completeness_text,0.25,probe,logreg,0.8006,classification
ag_news,completeness_text,0.25,probe,random_forest,0.8149,classification
ag_news,completeness_text,0.25,probe,mlp,0.8214,classification
ag_news,completeness_text,0.25,probe,knn,0.8546,classification
ag_news,completeness_text,0.5,probe,logreg,0.6758,classification
ag_news,completeness_text,0.5,probe,random_forest,0.7829,classification
ag_news,completeness_text,0.5,probe,mlp,0.7355,classification
ag_news,completeness_text,0.5,probe,knn,0.8184,classification
ag_news,completeness_text,0.75,probe,logreg,0.2845,classification
ag_news,completeness_text,0.75,probe,random_forest,0.6405,classification
ag_news,completeness_text,0.75,probe,mlp,0.6329,classification
ag_news,completeness_text,0.75,probe,knn,0.7391,classification
ag_news,completeness_text,0.9,probe,logreg,0.3905,classification
ag_news,completeness_text,0.9,probe,random_forest,0.4591,classification
ag_news,completeness_text,0.9,probe,mlp,0.7279,classification
ag_news,completeness_text,0.9,probe,knn,0.54,classification
ag_news,noise_injection_text,0.1,probe,logreg,0.8008,classification
ag_news,noise_injection_text,0.1,probe,random_forest,0.7561,classification
ag_news,noise_injection_text,0.1,probe,mlp,0.7934,classification
ag_news,noise_injection_text,0.1,probe,knn,0.7891,classification
ag_news,noise_injection_text,0.25,probe,logreg,0.5743,classification
ag_news,noise_injection_text,0.25,probe,random_forest,0.6524,classification
ag_news,noise_injection_text,0.25,probe,mlp,0.6423,classification
ag_news,noise_injection_text,0.25,probe,knn,0.7602,classification
ag_news,noise_injection_text,0.5,probe,logreg,0.3919,classification
ag_news,noise_injection_text,0.5,probe,random_forest,0.4211,classification
ag_news,noise_injection_text,0.5,probe,mlp,0.4882,classification
ag_news,noise_injection_text,0.5,probe,knn,0.254,classification
ag_news,noise_injection_text,0.75,probe,logreg,0.2807,classification
ag_news,noise_injection_text,0.75,probe,random_forest,0.2379,classification
ag_news,noise_injection_text,0.75,probe,mlp,0.345,classification
ag_news,noise_injection_text,0.75,probe,knn,0.2708,classification
ag_news,noise_injection_text,0.9,probe,logreg,0.1409,classification
ag_news,noise_injection_text,0.9,probe,random_forest,0.1875,classification
ag_news,noise_injection_text,0.9,probe,mlp,0.3315,classification
ag_news,noise_injection_text,0.9,probe,knn,0.242,classification
ag_news,word_shuffle,0.1,probe,logreg,0.8438,classification
ag_news,word_shuffle,0.1,probe,random_forest,0.8243,classification
ag_news,word_shuffle,0.1,probe,mlp,0.8439,classification
ag_news,word_shuffle,0.1,probe,knn,0.8318,classification
ag_news,word_shuffle,0.25,probe,logreg,0.8004,classification
ag_news,word_shuffle,0.25,probe,random_forest,0.8267,classification
ag_news,word_shuffle,0.25,probe,mlp,0.8163,classification
ag_news,word_shuffle,0.25,probe,knn,0.8184,classification
ag_news,word_shuffle,0.5,probe,logreg,0.8007,classification
ag_news,word_shuffle,0.5,probe,random_forest,0.8312,classification
ag_news,word_shuffle,0.5,probe,mlp,0.8358,classification
ag_news,word_shuffle,0.5,probe,knn,0.8239,classification
ag_news,word_shuffle,0.75,probe,logreg,0.7984,classification
ag_news,word_shuffle,0.75,probe,random_forest,0.8316,classification
ag_news,word_shuffle,0.75,probe,mlp,0.8162,classification
ag_news,word_shuffle,0.75,probe,knn,0.8387,classification
ag_news,word_shuffle,0.9,probe,logreg,0.8279,classification
ag_news,word_shuffle,0.9,probe,random_forest,0.8153,classification
ag_news,word_shuffle,0.9,probe,mlp,0.8087,classification
ag_news,word_shuffle,0.9,probe,knn,0.8089,classification
ag_news,class_balance,0.1,probe,logreg,0.8306,classification
ag_news,class_balance,0.1,probe,random_forest,0.8298,classification
ag_news,class_balance,0.1,probe,mlp,0.8355,classification
ag_news,class_balance,0.1,probe,knn,0.8227,classification
ag_news,class_balance,0.25,probe,logreg,0.8255,classification
ag_news,class_balance,0.25,probe,random_forest,0.8398,classification
ag_news,class_balance,0.25,probe,mlp,0.8389,classification
ag_news,class_balance,0.25,probe,knn,0.831,classification
ag_news,class_balance,0.5,probe,logreg,0.8504,classification
ag_news,class_balance,0.5,probe,random_forest,0.804,classification
ag_news,class_balance,0.5,probe,mlp,0.854,classification
ag_news,class_balance,0.5,probe,knn,0.8115,classification
ag_news,class_balance,0.75,probe,logreg,0.8375,classification
ag_news,class_balance,0.75,probe,random_forest,0.7207,classification
ag_news,class_balance,0.75,probe,mlp,0.8248,classification
ag_news,class_balance,0.75,probe,knn,0.7752,classification
ag_news,class_balance,0.9,probe,logreg,0.7955,classification
ag_news,class_balance,0.9,probe,random_forest,0.5846,classification
ag_news,class_balance,0.9,probe,mlp,0.7658,classification
ag_news,class_balance,0.9,probe,knn,0.7204,classification
ag_news,label_swap,0.1,probe,logreg,0.7433,classification
ag_news,label_swap,0.1,probe,random_forest,0.8229,classification
ag_news,label_swap,0.1,probe,mlp,0.8098,classification
ag_news,label_swap,0.1,probe,knn,0.8319,classification
ag_news,label_swap,0.25,probe,logreg,0.6208,classification
ag_news,label_swap,0.25,probe,random_forest,0.8146,classification
ag_news,label_swap,0.25,probe,mlp,0.7274,classification
ag_news,label_swap,0.25,probe,knn,0.7861,classification
ag_news,label_swap,0.5,probe,logreg,0.4705,classification
ag_news,label_swap,0.5,probe,random_forest,0.7246,classification
ag_news,label_swap,0.5,probe,mlp,0.5118,classification
ag_news,label_swap,0.5,probe,knn,0.5954,classification
ag_news,label_swap,0.75,probe,logreg,0.2637,classification
ag_news,label_swap,0.75,probe,random_forest,0.2674,classification
ag_news,label_swap,0.75,probe,mlp,0.2219,classification
ag_news,label_swap,0.75,probe,knn,0.1949,classification
ag_news,label_swap,0.9,probe,logreg,0.1459,classification
ag_news,label_swap,0.9,probe,random_forest,0.1077,classification
ag_news,label_swap,0.9,probe,mlp,0.1343,classification
ag_news,label_swap,0.9,probe,knn,0.1087,classification
imdb,none,0.0,probe,logreg,0.7797,classification
imdb,none,0.0,probe,random_forest,0.8037,classification
imdb,none,0.0,probe,mlp,0.8475,classification
imdb,none,0.0,probe,knn,0.6386,classification
imdb,completeness_text,0.1,probe,logreg,0.7493,classification
imdb,completeness_text,0.1,probe,random_forest,0.731,classification
imdb,completeness_text,0.1,probe,mlp,0.856,classification
imdb,completeness_text,0.1,probe,knn,0.6931,classification
imdb,completeness_text,0.25,probe,logreg,0.7804,classification
imdb,completeness_text,0.25,probe,random_forest,0.696,classification
imdb,completeness_text,0.25,probe,mlp,0.7399,classification
imdb,completeness_text,0.25,probe,knn,0.6056,classification
imdb,completeness_text,0.5,probe,logreg,0.4259,classification
imdb,completeness_text,0.5,probe,random_forest,0.353,classification
imdb,completeness_text,0.5,probe,mlp,0.4339,classification
imdb,completeness_text,0.5,probe,knn,0.5868,classification
imdb,completeness_text,0.75,probe,logreg,0.6132,classification
imdb,completeness_text,0.75,probe,random_forest,0.4399,classification
imdb,completeness_text,0.75,probe,mlp,0.4669,classification
imdb,completeness_text,0.75,probe,knn,0.6061,classification
imdb,completeness_text,0.9,probe,logreg,0.5267,classification
imdb,completeness_text,0.9,probe,random_forest,0.4486,classification
imdb,completeness_text,0.9,probe,mlp,0.3495,classification
imdb,completeness_text,0.9,probe,knn,0.4118,classification
imdb,noise_injection_text,0.1,probe,logreg,0.7493,classification
imdb,noise_injection_text,0.1,probe,random_forest,0.4218,classification
imdb,noise_injection_text,0.1,probe,mlp,0.6449,classification
imdb,noise_injection_text,0.1,probe,knn,0.6182,classification
imdb,noise_injection_text,0.25,probe,logreg,0.582,classification
imdb,noise_injection_text,0.25,probe,random_forest,0.4182,classification
imdb,noise_injection_text,0.25,probe,mlp,0.6484,classification
imdb,noise_injection_text,0.25,probe,knn,0.6055,classification
imdb,noise_injection_text,0.5,probe,logreg,0.3475,classification
imdb,noise_injection_text,0.5,probe,random_forest,0.5209,classification
imdb,noise_injection_text,0.5,probe,mlp,0.59,classification
imdb,noise_injection_text,0.5,probe,knn,0.5115,classification
imdb,noise_injection_text,0.75,probe,logreg,0.5109,classification
imdb,noise_injection_text,0.75,probe,random_forest,0.4335,classification
imdb,noise_injection_text,0.75,probe,mlp,0.3225,classification
imdb,noise_injection_text,0.75,probe,knn,0.4708,classification
imdb,noise_injection_text,0.9,probe,logreg,0.3394,classification
imdb,noise_injection_text,0.9,probe,random_forest,0.4818,classification
imdb,noise_injection_text,0.9,probe,mlp,0.3291,classification
imdb,noise_injection_text,0.9,probe,knn,0.3432,classification
imdb,word_shuffle,0.1,probe,logreg,0.7246,classification
imdb,word_shuffle,0.1,probe,random_forest,0.7412,classification
imdb,word_shuffle,0.1,probe,mlp,0.7897,classification
imdb,word_shuffle,0.1,probe,knn,0.6337,classification
imdb,word_shuffle,0.25,probe,logreg,0.7919,classification
imdb,word_shuffle,0.25,probe,random_forest,0.6315,classification
imdb,word_shuffle,0.25,probe,mlp,0.804,classification
imdb,word_shuffle,0.25,probe,knn,0.5909,classification
imdb,word_shuffle,0.5,probe,logreg,0.7388,classification
imdb,word_shuffle,0.5,probe,random_forest,0.5977,classification
imdb,word_shuffle,0.5,probe,mlp,0.784,classification
imdb,word_shuffle,0.5,probe,knn,0.4817,classification
imdb,word_shuffle,0.75,probe,logreg,0.7658,classification
imdb,word_shuffle,0.75,probe,random_forest,0.6177,classification
imdb,word_shuffle,0.75,probe,mlp,0.7746,classification
imdb,word_shuffle,0.75,probe,knn,0.6196,classification
imdb,word_shuffle,0.9,probe,logreg,0.7999,classification
imdb,word_shuffle,0.9,probe,random_forest,0.6186,classification
imdb,word_shuffle,0.9,probe,mlp,0.7543,classification
imdb,word_shuffle,0.9,probe,knn,0.4969,classification
imdb,class_balance,0.1,probe,logreg,0.7995,classification
imdb,class_balance,0.1,probe,random_forest,0.7616,classification
imdb,class_balance,0.1,probe,mlp,0.8277,classification
imdb,class_balance,0.1,probe,knn,0.6098,classification
imdb,class_balance,0.25,probe,logreg,0.8231,classification
imdb,class_balance,0.25,probe,random_forest,0.7324,classification
imdb,class_balance,0.25,probe,mlp,0.8392,classification
imdb,class_balance,0.25,probe,knn,0.5221,classification
imdb,class_balance,0.5,probe,logreg,0.8091,classification
imdb,class_balance,0.5,probe,random_forest,0.6198,classification
imdb,class_balance,0.5,probe,mlp,0.815,classification
imdb,class_balance,0.5,probe,knn,0.3931,classification
imdb,class_balance,0.75,probe,logreg,0.6875,classification
imdb,class_balance,0.75,probe,random_forest,0.4339,classification
imdb,class_balance,0.75,probe,mlp,0.6809,classification
imdb,class_balance,0.75,probe,knn,0.3404,classification
imdb,class_balance,0.9,probe,logreg,0.526,classification
imdb,class_balance,0.9,probe,random_forest,0.3584,classification
imdb,class_balance,0.9,probe,mlp,0.5082,classification
imdb,class_balance,0.9,probe,knn,0.3404,classification
imdb,label_swap,0.1,probe,logreg,0.704,classification
imdb,label_swap,0.1,probe,random_forest,0.7717,classification
imdb,label_swap,0.1,probe,mlp,0.7839,classification
imdb,label_swap,0.1,probe,knn,0.6108,classification
imdb,label_swap,0.25,probe,logreg,0.6312,classification
imdb,label_swap,0.25,probe,random_forest,0.724,classification
imdb,label_swap,0.25,probe,mlp,0.6715,classification
imdb,label_swap,0.25,probe,knn,0.6115,classification
imdb,label_swap,0.5,probe,logreg,0.484,classification
imdb,label_swap,0.5,probe,random_forest,0.4977,classification
imdb,label_swap,0.5,probe,mlp,0.516,classification
imdb,label_swap,0.5,probe,knn,0.4481,classification
imdb,label_swap,0.75,probe,logreg,0.3826,classification
imdb,label_swap,0.75,probe,random_forest,0.32,classification
imdb,label_swap,0.75,probe,mlp,0.292,classification
imdb,label_swap,0.75,probe,knn,0.3837,classification
imdb,label_swap,0.9,probe,logreg,0.2754,classification
imdb,label_swap,0.9,probe,random_forest,0.2277,classification
imdb,label_swap,0.9,probe,mlp,0.18,classification
imdb,label_swap,0.9,probe,knn,0.2802,classification
20news,none,0.0,probe,logreg,0.5229,classification
20news,none,0.0,probe,random_forest,0.4371,classification
20news,none,0.0,probe,mlp,0.5215,classification
20news,none,0.0,probe,knn,0.4227,classification
20news,completeness_text,0.1,probe,logreg,0.4683,classification
20news,completeness_text,0.1,probe,random_forest,0.4189,classification
20news,completeness_text,0.1,probe,mlp,0.4956,classification
20news,completeness_text,0.1,probe,knn,0.4027,classification
20news,completeness_text,0.25,probe,logreg,0.4186,classification
20news,completeness_text,0.25,probe,random_forest,0.3244,classification
20news,completeness_text,0.25,probe,mlp,0.4602,classification
20news,completeness_text,0.25,probe,knn,0.3783,classification
20news,completeness_text,0.5,probe,logreg,0.2577,classification
20news,completeness_text,0.5,probe,random_forest,0.2102,classification
20news,completeness_text,0.5,probe,mlp,0.2886,classification
20news,completeness_text,0.5,probe,knn,0.3375,classification
20news,completeness_text,0.75,probe,logreg,0.198,classification
20news,completeness_text,0.75,probe,random_forest,0.1467,classification
20news,completeness_text,0.75,probe,mlp,0.1272,classification
20news,completeness_text,0.75,probe,knn,0.1419,classification
20news,completeness_text,0.9,probe,logreg,0.0467,classification
20news,completeness_text,0.9,probe,random_forest,0.0309,classification
20news,completeness_text,0.9,probe,mlp,0.0218,classification
20news,completeness_text,0.9,probe,knn,0.0542,classification
20news,noise_injection_text,0.1,probe,logreg,0.4319,classification
20news,noise_injection_text,0.1,probe,random_forest,0.2192,classification
20news,noise_injection_text,0.1,probe,mlp,0.4263,classification
20news,noise_injection_text,0.1,probe,knn,0.3001,classification
20news,noise_injection_text,0.25,probe,logreg,0.1998,classification
20news,noise_injection_text,0.25,probe,random_forest,0.0342,classification
20news,noise_injection_text,0.25,probe,mlp,0.1801,classification
20news,noise_injection_text,0.25,probe,knn,0.1054,classification
20news,noise_injection_text,0.5,probe,logreg,0.0517,classification
20news,noise_injection_text,0.5,probe,random_forest,0.0328,classification
20news,noise_injection_text,0.5,probe,mlp,0.0519,classification
20news,noise_injection_text,0.5,probe,knn,0.038,classification
20news,noise_injection_text,0.75,probe,logreg,0.0276,classification
20news,noise_injection_text,0.75,probe,random_forest,0.0479,classification
20news,noise_injection_text,0.75,probe,mlp,0.0526,classification
20news,noise_injection_text,0.75,probe,knn,0.0469,classification
20news,noise_injection_text,0.9,probe,logreg,0.0351,classification
20news,noise_injection_text,0.9,probe,random_forest,0.0502,classification
20news,noise_injection_text,0.9,probe,mlp,0.0298,classification
20news,noise_injection_text,0.9,probe,knn,0.0171,classification
20news,word_shuffle,0.1,probe,logreg,0.4915,classification
20news,word_shuffle,0.1,probe,random_forest,0.3729,classification
20news,word_shuffle,0.1,probe,mlp,0.4648,classification
20news,word_shuffle,0.1,probe,knn,0.4135,classification
20news,word_shuffle,0.25,probe,logreg,0.4269,classification
20news,word_shuffle,0.25,probe,random_forest,0.2696,classification
20news,word_shuffle,0.25,probe,mlp,0.4099,classification
20news,word_shuffle,0.25,probe,knn,0.3491,classification
20news,word_shuffle,0.5,probe,logreg,0.3972,classification
20news,word_shuffle,0.5,probe,random_forest,0.309,classification
20news,word_shuffle,0.5,probe,mlp,0.3967,classification
20news,word_shuffle,0.5,probe,knn,0.3499,classification
20news,word_shuffle,0.75,probe,logreg,0.423,classification
20news,word_shuffle,0.75,probe,random_forest,0.274,classification
20news,word_shuffle,0.75,probe,mlp,0.3919,classification
20news,word_shuffle,0.75,probe,knn,0.3545,classification
20news,word_shuffle,0.9,probe,logreg,0.3537,classification
20news,word_shuffle,0.9,probe,random_forest,0.2523,classification
20news,word_shuffle,0.9,probe,mlp,0.348,classification
20news,word_shuffle,0.9,probe,knn,0.3495,classification
20news,class_balance,0.1,probe,logreg,0.5225,classification
20news,class_balance,0.1,probe,random_forest,0.423,classification
20news,class_balance,0.1,probe,mlp,0.4553,classification
20news,class_balance,0.1,probe,knn,0.338,classification
20news,class_balance,0.25,probe,logreg,0.5225,classification
20news,class_balance,0.25,probe,random_forest,0.423,classification
20news,class_balance,0.25,probe,mlp,0.4553,classification
20news,class_balance,0.25,probe,knn,0.338,classification
20news,class_balance,0.5,probe,logreg,0.5,classification
20news,class_balance,0.5,probe,random_forest,0.3526,classification
20news,class_balance,0.5,probe,mlp,0.4705,classification
20news,class_balance,0.5,probe,knn,0.3246,classification
20news,class_balance,0.75,probe,logreg,0.5,classification
20news,class_balance,0.75,probe,random_forest,0.3526,classification
20news,class_balance,0.75,probe,mlp,0.4705,classification
20news,class_balance,0.75,probe,knn,0.3246,classification
20news,class_balance,0.9,probe,logreg,0.5,classification
20news,class_balance,0.9,probe,random_forest,0.3526,classification
20news,class_balance,0.9,probe,mlp,0.4705,classification
20news,class_balance,0.9,probe,knn,0.3246,classification
20news,label_swap,0.1,probe,logreg,0.4403,classification
20news,label_swap,0.1,probe,random_forest,0.3801,classification
20news,label_swap,0.1,probe,mlp,0.4657,classification
20news,label_swap,0.1,probe,knn,0.4157,classification
20news,label_swap,0.25,probe,logreg,0.4155,classification
20news,label_swap,0.25,probe,random_forest,0.4042,classification
20news,label_swap,0.25,probe,mlp,0.4232,classification
20news,label_swap,0.25,probe,knn,0.3856,classification
20news,label_swap,0.5,probe,logreg,0.2706,classification
20news,label_swap,0.5,probe,random_forest,0.293,classification
20news,label_swap,0.5,probe,mlp,0.2527,classification
20news,label_swap,0.5,probe,knn,0.3142,classification
20news,label_swap,0.75,probe,logreg,0.1087,classification
20news,label_swap,0.75,probe,random_forest,0.1506,classification
20news,label_swap,0.75,probe,mlp,0.1036,classification
20news,label_swap,0.75,probe,knn,0.1291,classification
20news,label_swap,0.9,probe,logreg,0.0859,classification
20news,label_swap,0.9,probe,random_forest,0.0761,classification
20news,label_swap,0.9,probe,mlp,0.0669,classification
20news,label_swap,0.9,probe,knn,0.0585,classification
yelp_full,none,0.0,probe,ridge,0.0,regression
yelp_full,none,0.0,probe,random_forest,0.5666,regression
yelp_full,none,0.0,probe,mlp,0.451,regression
yelp_full,none,0.0,probe,knn,0.5139,regression
yelp_full,completeness_text,0.1,probe,ridge,0.0,regression
yelp_full,completeness_text,0.1,probe,random_forest,0.4843,regression
yelp_full,completeness_text,0.1,probe,mlp,0.1887,regression
yelp_full,completeness_text,0.1,probe,knn,0.4842,regression
yelp_full,completeness_text,0.25,probe,ridge,0.0,regression
yelp_full,completeness_text,0.25,probe,random_forest,0.3453,regression
yelp_full,completeness_text,0.25,probe,mlp,0.0582,regression
yelp_full,completeness_text,0.25,probe,knn,0.4369,regression
yelp_full,completeness_text,0.5,probe,ridge,0.0,regression
yelp_full,completeness_text,0.5,probe,random_forest,0.1381,regression
yelp_full,completeness_text,0.5,probe,mlp,0.0,regression
yelp_full,completeness_text,0.5,probe,knn,0.2254,regression
yelp_full,completeness_text,0.75,probe,ridge,0.0,regression
yelp_full,completeness_text,0.75,probe,random_forest,0.0178,regression
yelp_full,completeness_text,0.75,probe,mlp,0.0,regression
yelp_full,completeness_text,0.75,probe,knn,0.0,regression
yelp_full,completeness_text,0.9,probe,ridge,0.0,regression
yelp_full,completeness_text,0.9,probe,random_forest,0.0157,regression
yelp_full,completeness_text,0.9,probe,mlp,0.0,regression
yelp_full,completeness_text,0.9,probe,knn,0.0,regression
yelp_full,noise_injection_text,0.1,probe,ridge,0.0,regression
yelp_full,noise_injection_text,0.1,probe,random_forest,0.256,regression
yelp_full,noise_injection_text,0.1,probe,mlp,0.0,regression
yelp_full,noise_injection_text,0.1,probe,knn,0.3043,regression
yelp_full,noise_injection_text,0.25,probe,ridge,0.0,regression
yelp_full,noise_injection_text,0.25,probe,random_forest,0.0328,regression
yelp_full,noise_injection_text,0.25,probe,mlp,0.0,regression
yelp_full,noise_injection_text,0.25,probe,knn,0.0,regression
yelp_full,noise_injection_text,0.5,probe,ridge,0.0,regression
yelp_full,noise_injection_text,0.5,probe,random_forest,0.0,regression
yelp_full,noise_injection_text,0.5,probe,mlp,0.0,regression
yelp_full,noise_injection_text,0.5,probe,knn,0.0051,regression
yelp_full,noise_injection_text,0.75,probe,ridge,0.0,regression
yelp_full,noise_injection_text,0.75,probe,random_forest,0.0,regression
yelp_full,noise_injection_text,0.75,probe,mlp,0.0,regression
yelp_full,noise_injection_text,0.75,probe,knn,0.0,regression
yelp_full,noise_injection_text,0.9,probe,ridge,0.0,regression
yelp_full,noise_injection_text,0.9,probe,random_forest,0.0,regression
yelp_full,noise_injection_text,0.9,probe,mlp,0.0,regression
yelp_full,noise_injection_text,0.9,probe,knn,0.0,regression
yelp_full,word_shuffle,0.1,probe,ridge,0.0,regression
yelp_full,word_shuffle,0.1,probe,random_forest,0.52,regression
yelp_full,word_shuffle,0.1,probe,mlp,0.3081,regression
yelp_full,word_shuffle,0.1,probe,knn,0.4043,regression
yelp_full,word_shuffle,0.25,probe,ridge,0.0,regression
yelp_full,word_shuffle,0.25,probe,random_forest,0.3815,regression
yelp_full,word_shuffle,0.25,probe,mlp,0.0,regression
yelp_full,word_shuffle,0.25,probe,knn,0.1825,regression
yelp_full,word_shuffle,0.5,probe,ridge,0.0,regression
yelp_full,word_shuffle,0.5,probe,random_forest,0.2798,regression
yelp_full,word_shuffle,0.5,probe,mlp,0.0,regression
yelp_full,word_shuffle,0.5,probe,knn,0.1467,regression
yelp_full,word_shuffle,0.75,probe,ridge,0.0,regression
yelp_full,word_shuffle,0.75,probe,random_forest,0.2612,regression
yelp_full,word_shuffle,0.75,probe,mlp,0.0,regression
yelp_full,word_shuffle,0.75,probe,knn,0.0795,regression
yelp_full,word_shuffle,0.9,probe,ridge,0.0,regression
yelp_full,word_shuffle,0.9,probe,random_forest,0.2935,regression
yelp_full,word_shuffle,0.9,probe,mlp,0.0,regression
yelp_full,word_shuffle,0.9,probe,knn,0.125,regression
yelp_full,target_distribution_skew,0.1,probe,ridge,0.0,regression
yelp_full,target_distribution_skew,0.1,probe,random_forest,0.5767,regression
yelp_full,target_distribution_skew,0.1,probe,mlp,0.4201,regression
yelp_full,target_distribution_skew,0.1,probe,knn,0.5176,regression
yelp_full,target_distribution_skew,0.25,probe,ridge,0.0,regression
yelp_full,target_distribution_skew,0.25,probe,random_forest,0.5737,regression
yelp_full,target_distribution_skew,0.25,probe,mlp,0.401,regression
yelp_full,target_distribution_skew,0.25,probe,knn,0.5171,regression
yelp_full,target_distribution_skew,0.5,probe,ridge,0.0,regression
yelp_full,target_distribution_skew,0.5,probe,random_forest,0.5176,regression
yelp_full,target_distribution_skew,0.5,probe,mlp,0.3681,regression
yelp_full,target_distribution_skew,0.5,probe,knn,0.4663,regression
yelp_full,target_distribution_skew,0.75,probe,ridge,0.0,regression
yelp_full,target_distribution_skew,0.75,probe,random_forest,0.4101,regression
yelp_full,target_distribution_skew,0.75,probe,mlp,0.2801,regression
yelp_full,target_distribution_skew,0.75,probe,knn,0.3183,regression
yelp_full,target_distribution_skew,0.9,probe,ridge,0.0,regression
yelp_full,target_distribution_skew,0.9,probe,random_forest,0.2745,regression
yelp_full,target_distribution_skew,0.9,probe,mlp,0.1037,regression
yelp_full,target_distribution_skew,0.9,probe,knn,0.1114,regression
yelp_full,target_noise,0.1,probe,ridge,0.0,regression
yelp_full,target_noise,0.1,probe,random_forest,0.581,regression
yelp_full,target_noise,0.1,probe,mlp,0.4404,regression
yelp_full,target_noise,0.1,probe,knn,0.5155,regression
yelp_full,target_noise,0.25,probe,ridge,0.0,regression
yelp_full,target_noise,0.25,probe,random_forest,0.5831,regression
yelp_full,target_noise,0.25,probe,mlp,0.4042,regression
yelp_full,target_noise,0.25,probe,knn,0.5117,regression
yelp_full,target_noise,0.5,probe,ridge,0.0,regression
yelp_full,target_noise,0.5,probe,random_forest,0.5911,regression
yelp_full,target_noise,0.5,probe,mlp,0.2595,regression
yelp_full,target_noise,0.5,probe,knn,0.4888,regression
yelp_full,target_noise,0.75,probe,ridge,0.0,regression
yelp_full,target_noise,0.75,probe,random_forest,0.5515,regression
yelp_full,target_noise,0.75,probe,mlp,0.0,regression
yelp_full,target_noise,0.75,probe,knn,0.4451,regression
yelp_full,target_noise,0.9,probe,ridge,0.0,regression
yelp_full,target_noise,0.9,probe,random_forest,0.5646,regression
yelp_full,target_noise,0.9,probe,mlp,0.0,regression
yelp_full,target_noise,0.9,probe,knn,0.409,regression
amazon_en,none,0.0,probe,ridge,0.0,regression
amazon_en,none,0.0,probe,random_forest,0.4553,regression
amazon_en,none,0.0,probe,mlp,0.3243,regression
amazon_en,none,0.0,probe,knn,0.3756,regression
amazon_en,completeness_text,0.1,probe,ridge,0.0,regression
amazon_en,completeness_text,0.1,probe,random_forest,0.4102,regression
amazon_en,completeness_text,0.1,probe,mlp,0.0254,regression
amazon_en,completeness_text,0.1,probe,knn,0.3804,regression
amazon_en,completeness_text,0.25,probe,ridge,0.0,regression
amazon_en,completeness_text,0.25,probe,random_forest,0.3451,regression
amazon_en,completeness_text,0.25,probe,mlp,0.0,regression
amazon_en,completeness_text,0.25,probe,knn,0.3984,regression
amazon_en,completeness_text,0.5,probe,ridge,0.0,regression
amazon_en,completeness_text,0.5,probe,random_forest,0.1832,regression
amazon_en,completeness_text,0.5,probe,mlp,0.0,regression
amazon_en,completeness_text,0.5,probe,knn,0.3067,regression
amazon_en,completeness_text,0.75,probe,ridge,0.0,regression
amazon_en,completeness_text,0.75,probe,random_forest,0.0747,regression
amazon_en,completeness_text,0.75,probe,mlp,0.0,regression
amazon_en,completeness_text,0.75,probe,knn,0.2171,regression
amazon_en,completeness_text,0.9,probe,ridge,0.0,regression
amazon_en,completeness_text,0.9,probe,random_forest,0.0,regression
amazon_en,completeness_text,0.9,probe,mlp,0.0,regression
amazon_en,completeness_text,0.9,probe,knn,0.0884,regression
amazon_en,noise_injection_text,0.1,probe,ridge,0.0,regression
amazon_en,noise_injection_text,0.1,probe,random_forest,0.3373,regression
amazon_en,noise_injection_text,0.1,probe,mlp,0.0,regression
amazon_en,noise_injection_text,0.1,probe,knn,0.3414,regression
amazon_en,noise_injection_text,0.25,probe,ridge,0.0,regression
amazon_en,noise_injection_text,0.25,probe,random_forest,0.1126,regression
amazon_en,noise_injection_text,0.25,probe,mlp,0.0,regression
amazon_en,noise_injection_text,0.25,probe,knn,0.0732,regression
amazon_en,noise_injection_text,0.5,probe,ridge,0.0,regression
amazon_en,noise_injection_text,0.5,probe,random_forest,0.0056,regression
amazon_en,noise_injection_text,0.5,probe,mlp,0.0,regression
amazon_en,noise_injection_text,0.5,probe,knn,0.0,regression
amazon_en,noise_injection_text,0.75,probe,ridge,0.0,regression
amazon_en,noise_injection_text,0.75,probe,random_forest,0.0,regression
amazon_en,noise_injection_text,0.75,probe,mlp,0.0,regression
amazon_en,noise_injection_text,0.75,probe,knn,0.0,regression
amazon_en,noise_injection_text,0.9,probe,ridge,0.0,regression
amazon_en,noise_injection_text,0.9,probe,random_forest,0.0028,regression
amazon_en,noise_injection_text,0.9,probe,mlp,0.0,regression
amazon_en,noise_injection_text,0.9,probe,knn,0.0,regression
amazon_en,word_shuffle,0.1,probe,ridge,0.0,regression
amazon_en,word_shuffle,0.1,probe,random_forest,0.4645,regression
amazon_en,word_shuffle,0.1,probe,mlp,0.2635,regression
amazon_en,word_shuffle,0.1,probe,knn,0.3508,regression
amazon_en,word_shuffle,0.25,probe,ridge,0.0,regression
amazon_en,word_shuffle,0.25,probe,random_forest,0.3886,regression
amazon_en,word_shuffle,0.25,probe,mlp,0.1935,regression
amazon_en,word_shuffle,0.25,probe,knn,0.3554,regression
amazon_en,word_shuffle,0.5,probe,ridge,0.0,regression
amazon_en,word_shuffle,0.5,probe,random_forest,0.3844,regression
amazon_en,word_shuffle,0.5,probe,mlp,0.0,regression
amazon_en,word_shuffle,0.5,probe,knn,0.3748,regression
amazon_en,word_shuffle,0.75,probe,ridge,0.0,regression
amazon_en,word_shuffle,0.75,probe,random_forest,0.3945,regression
amazon_en,word_shuffle,0.75,probe,mlp,0.0964,regression
amazon_en,word_shuffle,0.75,probe,knn,0.3914,regression
amazon_en,word_shuffle,0.9,probe,ridge,0.0,regression
amazon_en,word_shuffle,0.9,probe,random_forest,0.3745,regression
amazon_en,word_shuffle,0.9,probe,mlp,0.2283,regression
amazon_en,word_shuffle,0.9,probe,knn,0.3506,regression
amazon_en,target_distribution_skew,0.1,probe,ridge,0.0,regression
amazon_en,target_distribution_skew,0.1,probe,random_forest,0.4166,regression
amazon_en,target_distribution_skew,0.1,probe,mlp,0.3187,regression
amazon_en,target_distribution_skew,0.1,probe,knn,0.37,regression
amazon_en,target_distribution_skew,0.25,probe,ridge,0.0,regression
amazon_en,target_distribution_skew,0.25,probe,random_forest,0.3885,regression
amazon_en,target_distribution_skew,0.25,probe,mlp,0.3003,regression
amazon_en,target_distribution_skew,0.25,probe,knn,0.31,regression
amazon_en,target_distribution_skew,0.5,probe,ridge,0.0,regression
amazon_en,target_distribution_skew,0.5,probe,random_forest,0.3282,regression
amazon_en,target_distribution_skew,0.5,probe,mlp,0.2344,regression
amazon_en,target_distribution_skew,0.5,probe,knn,0.2018,regression
amazon_en,target_distribution_skew,0.75,probe,ridge,0.0,regression
amazon_en,target_distribution_skew,0.75,probe,random_forest,0.2016,regression
amazon_en,target_distribution_skew,0.75,probe,mlp,0.116,regression
amazon_en,target_distribution_skew,0.75,probe,knn,0.0073,regression
amazon_en,target_distribution_skew,0.9,probe,ridge,0.0,regression
amazon_en,target_distribution_skew,0.9,probe,random_forest,0.0,regression
amazon_en,target_distribution_skew,0.9,probe,mlp,0.0,regression
amazon_en,target_distribution_skew,0.9,probe,knn,0.0,regression
amazon_en,target_noise,0.1,probe,ridge,0.0,regression
amazon_en,target_noise,0.1,probe,random_forest,0.4631,regression
amazon_en,target_noise,0.1,probe,mlp,0.3227,regression
amazon_en,target_noise,0.1,probe,knn,0.3682,regression
amazon_en,target_noise,0.25,probe,ridge,0.0,regression
amazon_en,target_noise,0.25,probe,random_forest,0.4514,regression
amazon_en,target_noise,0.25,probe,mlp,0.3007,regression
amazon_en,target_noise,0.25,probe,knn,0.3513,regression
amazon_en,target_noise,0.5,probe,ridge,0.0,regression
amazon_en,target_noise,0.5,probe,random_forest,0.4571,regression
amazon_en,target_noise,0.5,probe,mlp,0.2008,regression
amazon_en,target_noise,0.5,probe,knn,0.3071,regression
amazon_en,target_noise,0.75,probe,ridge,0.0,regression
amazon_en,target_noise,0.75,probe,random_forest,0.4197,regression
amazon_en,target_noise,0.75,probe,mlp,0.0366,regression
amazon_en,target_noise,0.75,probe,knn,0.2432,regression
amazon_en,target_noise,0.9,probe,ridge,0.0,regression
amazon_en,target_noise,0.9,probe,random_forest,0.413,regression
amazon_en,target_noise,0.9,probe,mlp,0.0,regression
amazon_en,target_noise,0.9,probe,knn,0.1953,regression
sst5,none,0.0,probe,ridge,0.0,regression
sst5,none,0.0,probe,random_forest,0.3614,regression
sst5,none,0.0,probe,mlp,0.0912,regression
sst5,none,0.0,probe,knn,0.2972,regression
sst5,completeness_text,0.1,probe,ridge,0.0,regression
sst5,completeness_text,0.1,probe,random_forest,0.3256,regression
sst5,completeness_text,0.1,probe,mlp,0.0,regression
sst5,completeness_text,0.1,probe,knn,0.2823,regression
sst5,completeness_text,0.25,probe,ridge,0.0,regression
sst5,completeness_text,0.25,probe,random_forest,0.2394,regression
sst5,completeness_text,0.25,probe,mlp,0.0,regression
sst5,completeness_text,0.25,probe,knn,0.2544,regression
sst5,completeness_text,0.5,probe,ridge,0.0,regression
sst5,completeness_text,0.5,probe,random_forest,0.1375,regression
sst5,completeness_text,0.5,probe,mlp,0.0,regression
sst5,completeness_text,0.5,probe,knn,0.2299,regression
sst5,completeness_text,0.75,probe,ridge,0.0,regression
sst5,completeness_text,0.75,probe,random_forest,0.0909,regression
sst5,completeness_text,0.75,probe,mlp,0.0,regression
sst5,completeness_text,0.75,probe,knn,0.1396,regression
sst5,completeness_text,0.9,probe,ridge,0.0,regression
sst5,completeness_text,0.9,probe,random_forest,0.0059,regression
sst5,completeness_text,0.9,probe,mlp,0.0,regression
sst5,completeness_text,0.9,probe,knn,0.0,regression
sst5,noise_injection_text,0.1,probe,ridge,0.0,regression
sst5,noise_injection_text,0.1,probe,random_forest,0.2159,regression
sst5,noise_injection_text,0.1,probe,mlp,0.0,regression
sst5,noise_injection_text,0.1,probe,knn,0.2491,regression
sst5,noise_injection_text,0.25,probe,ridge,0.0,regression
sst5,noise_injection_text,0.25,probe,random_forest,0.0627,regression
sst5,noise_injection_text,0.25,probe,mlp,0.0,regression
sst5,noise_injection_text,0.25,probe,knn,0.1018,regression
sst5,noise_injection_text,0.5,probe,ridge,0.0,regression
sst5,noise_injection_text,0.5,probe,random_forest,0.0304,regression
sst5,noise_injection_text,0.5,probe,mlp,0.0,regression
sst5,noise_injection_text,0.5,probe,knn,0.003,regression
sst5,noise_injection_text,0.75,probe,ridge,0.0,regression
sst5,noise_injection_text,0.75,probe,random_forest,0.0,regression
sst5,noise_injection_text,0.75,probe,mlp,0.0,regression
sst5,noise_injection_text,0.75,probe,knn,0.0,regression
sst5,noise_injection_text,0.9,probe,ridge,0.0,regression
sst5,noise_injection_text,0.9,probe,random_forest,0.0,regression
sst5,noise_injection_text,0.9,probe,mlp,0.0,regression
sst5,noise_injection_text,0.9,probe,knn,0.0,regression
sst5,word_shuffle,0.1,probe,ridge,0.0,regression
sst5,word_shuffle,0.1,probe,random_forest,0.3372,regression
sst5,word_shuffle,0.1,probe,mlp,0.0,regression
sst5,word_shuffle,0.1,probe,knn,0.2788,regression
sst5,word_shuffle,0.25,probe,ridge,0.0,regression
sst5,word_shuffle,0.25,probe,random_forest,0.2672,regression
sst5,word_shuffle,0.25,probe,mlp,0.0,regression
sst5,word_shuffle,0.25,probe,knn,0.2599,regression
sst5,word_shuffle,0.5,probe,ridge,0.0,regression
sst5,word_shuffle,0.5,probe,random_forest,0.2567,regression
sst5,word_shuffle,0.5,probe,mlp,0.0,regression
sst5,word_shuffle,0.5,probe,knn,0.1954,regression
sst5,word_shuffle,0.75,probe,ridge,0.0,regression
sst5,word_shuffle,0.75,probe,random_forest,0.2264,regression
sst5,word_shuffle,0.75,probe,mlp,0.0,regression
sst5,word_shuffle,0.75,probe,knn,0.2444,regression
sst5,word_shuffle,0.9,probe,ridge,0.0,regression
sst5,word_shuffle,0.9,probe,random_forest,0.2804,regression
sst5,word_shuffle,0.9,probe,mlp,0.0,regression
sst5,word_shuffle,0.9,probe,knn,0.2166,regression
sst5,target_distribution_skew,0.1,probe,ridge,0.0,regression
sst5,target_distribution_skew,0.1,probe,random_forest,0.3582,regression
sst5,target_distribution_skew,0.1,probe,mlp,0.1394,regression
sst5,target_distribution_skew,0.1,probe,knn,0.2753,regression
sst5,target_distribution_skew,0.25,probe,ridge,0.0,regression
sst5,target_distribution_skew,0.25,probe,random_forest,0.3478,regression
sst5,target_distribution_skew,0.25,probe,mlp,0.1247,regression
sst5,target_distribution_skew,0.25,probe,knn,0.2692,regression
sst5,target_distribution_skew,0.5,probe,ridge,0.0,regression
sst5,target_distribution_skew,0.5,probe,random_forest,0.3,regression
sst5,target_distribution_skew,0.5,probe,mlp,0.0848,regression
sst5,target_distribution_skew,0.5,probe,knn,0.2142,regression
sst5,target_distribution_skew,0.75,probe,ridge,0.0,regression
sst5,target_distribution_skew,0.75,probe,random_forest,0.1814,regression
sst5,target_distribution_skew,0.75,probe,mlp,0.0474,regression
sst5,target_distribution_skew,0.75,probe,knn,0.0343,regression
sst5,target_distribution_skew,0.9,probe,ridge,0.0,regression
sst5,target_distribution_skew,0.9,probe,random_forest,0.0584,regression
sst5,target_distribution_skew,0.9,probe,mlp,0.0,regression
sst5,target_distribution_skew,0.9,probe,knn,0.0,regression
sst5,target_noise,0.1,probe,ridge,0.0,regression
sst5,target_noise,0.1,probe,random_forest,0.3633,regression
sst5,target_noise,0.1,probe,mlp,0.0858,regression
sst5,target_noise,0.1,probe,knn,0.2896,regression
sst5,target_noise,0.25,probe,ridge,0.0,regression
sst5,target_noise,0.25,probe,random_forest,0.3746,regression
sst5,target_noise,0.25,probe,mlp,0.0464,regression
sst5,target_noise,0.25,probe,knn,0.2707,regression
sst5,target_noise,0.5,probe,ridge,0.0,regression
sst5,target_noise,0.5,probe,random_forest,0.3386,regression
sst5,target_noise,0.5,probe,mlp,0.0,regression
sst5,target_noise,0.5,probe,knn,0.2192,regression
sst5,target_noise,0.75,probe,ridge,0.0,regression
sst5,target_noise,0.75,probe,random_forest,0.3502,regression
sst5,target_noise,0.75,probe,mlp,0.0,regression
sst5,target_noise,0.75,probe,knn,0.1429,regression
sst5,target_noise,0.9,probe,ridge,0.0,regression
sst5,target_noise,0.9,probe,random_forest,0.3193,regression
sst5,target_noise,0.9,probe,mlp,0.0,regression
sst5,target_noise,0.9,probe,knn,0.0852,regression
