dataset,task,polluter,level,seed,dsc_score,completeness_text,uniqueness,validity,consistency,outlier_ratio,class_balance,sample_quality_text,feature_correlation,label_consistency,feature_informativeness,target_distribution_quality,target_smoothness,feature_informativeness_reg
ag_news,classification,completeness_text,0.0,42,91.27,1.0,1.0,1.0,0.5908,0.976,0.9213,0.9992,1.0,0.7118,1.0,,,
ag_news,classification,completeness_text,0.1,42,89.59,0.8995,1.0,1.0,0.5908,0.976,0.9213,0.9992,1.0,0.7032,1.0,,,
ag_news,classification,completeness_text,0.25,42,87.18,0.7498,1.0,1.0,0.5908,0.976,0.9213,0.9992,1.0,0.6947,1.0,,,
ag_news,classification,completeness_text,0.5,42,82.65,0.4994,1.0,1.0,0.5908,0.976,0.9213,0.986,1.0,0.6663,1.0,,,
ag_news,classification,completeness_text,0.75,42,72.3,0.2502,1.0,1.0,0.5908,0.976,0.9213,0.7712,1.0,0.4965,1.0,,,
ag_news,classification,completeness_text,0.9,42,62.36,0.1,1.0,1.0,0.5908,0.976,0.9213,0.6268,1.0,0.2206,1.0,,,
ag_news,classification,completeness_text,0.0,7,90.9,1.0,1.0,1.0,0.5185,0.964,0.9213,0.9993,1.0,0.7144,1.0,,,
ag_news,classification,completeness_text,0.1,7,89.35,0.9004,1.0,1.0,0.5185,0.964,0.9213,0.9993,1.0,0.7117,1.0,,,
ag_news,classification,completeness_text,0.25,7,87.03,0.7506,1.0,1.0,0.5185,0.964,0.9213,0.9993,1.0,0.7079,1.0,,,
ag_news,classification,completeness_text,0.5,7,82.79,0.5006,1.0,1.0,0.5185,0.964,0.9213,0.9841,1.0,0.6946,1.0,,,
ag_news,classification,completeness_text,0.75,7,71.58,0.2494,1.0,1.0,0.5185,0.964,0.9213,0.7678,1.0,0.4848,1.0,,,
ag_news,classification,completeness_text,0.9,7,61.56,0.0996,1.0,1.0,0.5185,0.964,0.9213,0.6254,1.0,0.2029,1.0,,,
ag_news,classification,completeness_text,0.0,99,91.15,1.0,1.0,1.0,0.6647,0.986,0.9213,0.9988,1.0,0.685,1.0,,,
ag_news,classification,completeness_text,0.1,99,89.36,0.9001,1.0,1.0,0.6647,0.986,0.9213,0.9988,1.0,0.6706,1.0,,,
ag_news,classification,completeness_text,0.25,99,87.22,0.75,1.0,1.0,0.6647,0.986,0.9213,0.9988,1.0,0.6759,1.0,,,
ag_news,classification,completeness_text,0.5,99,82.78,0.4992,1.0,1.0,0.6647,0.986,0.9213,0.9849,1.0,0.6524,1.0,,,
ag_news,classification,completeness_text,0.75,99,72.48,0.25,1.0,1.0,0.6647,0.986,0.9213,0.7701,1.0,0.4858,1.0,,,
ag_news,classification,completeness_text,0.9,99,62.65,0.0992,1.0,1.0,0.6647,0.986,0.9213,0.6261,1.0,0.2153,1.0,,,
ag_news,classification,noise_injection_text,0.0,42,91.27,1.0,1.0,1.0,0.5908,0.976,0.9213,0.9992,1.0,0.7118,1.0,,,
ag_news,classification,noise_injection_text,0.1,42,88.82,1.0,1.0,1.0,0.5908,0.976,0.9213,0.9992,1.0,0.5891,1.0,,,
ag_news,classification,noise_injection_text,0.25,42,81.99,1.0,1.0,1.0,0.5908,0.976,0.9213,0.9992,1.0,0.2479,1.0,,,
ag_news,classification,noise_injection_text,0.5,42,77.97,1.0,1.0,1.0,0.5908,0.976,0.9213,0.9992,1.0,0.0465,1.0,,,
ag_news,classification,noise_injection_text,0.75,42,78.43,1.0,1.0,1.0,0.6049,0.976,0.9213,0.9992,1.0,0.0663,1.0,,,
ag_news,classification,noise_injection_text,0.9,42,78.47,1.0,1.0,1.0,0.6193,0.976,0.9213,0.9991,1.0,0.0647,1.0,,,
ag_news,classification,noise_injection_text,0.0,7,90.9,1.0,1.0,1.0,0.5185,0.964,0.9213,0.9993,1.0,0.7144,1.0,,,
ag_news,classification,noise_injection_text,0.1,7,89.2,1.0,1.0,1.0,0.5247,0.964,0.9213,0.9993,1.0,0.6279,1.0,,,
ag_news,classification,noise_injection_text,0.25,7,82.77,1.0,1.0,1.0,0.5374,0.958,0.9213,0.9993,1.0,0.3043,1.0,,,
ag_news,classification,noise_injection_text,0.5,7,78.72,1.0,1.0,1.0,0.5503,0.958,0.9213,0.9993,1.0,0.0987,1.0,,,
ag_news,classification,noise_injection_text,0.75,7,78.29,1.0,1.0,1.0,0.5569,0.964,0.9213,0.9992,1.0,0.0742,1.0,,,
ag_news,classification,noise_injection_text,0.9,7,78.31,1.0,1.0,1.0,0.577,0.964,0.9213,0.9991,1.0,0.0704,1.0,,,
ag_news,classification,noise_injection_text,0.0,99,91.15,1.0,1.0,1.0,0.6647,0.986,0.9213,0.9988,1.0,0.685,1.0,,,
ag_news,classification,noise_injection_text,0.1,99,88.29,1.0,1.0,1.0,0.6647,0.988,0.9213,0.9988,1.0,0.5415,1.0,,,
ag_news,classification,noise_injection_text,0.25,99,82.64,1.0,1.0,1.0,0.6647,0.986,0.9213,0.9986,1.0,0.2597,1.0,,,
ag_news,classification,noise_injection_text,0.5,99,79.25,1.0,1.0,1.0,0.6805,0.988,0.9213,0.9987,1.0,0.0857,1.0,,,
ag_news,classification,noise_injection_text,0.75,99,78.32,1.0,1.0,1.0,0.6886,0.988,0.9213,0.9987,1.0,0.0369,1.0,,,
ag_news,classification,noise_injection_text,0.9,99,78.65,1.0,1.0,1.0,0.6886,0.988,0.9213,0.9985,1.0,0.054,1.0,,,
ag_news,classification,word_shuffle,0.0,42,91.27,1.0,1.0,1.0,0.5908,0.976,0.9213,0.9992,1.0,0.7118,1.0,,,
ag_news,classification,word_shuffle,0.1,42,90.96,1.0,1.0,1.0,0.5908,0.976,0.9213,0.9992,1.0,0.6963,1.0,,,
ag_news,classification,word_shuffle,0.25,42,90.82,1.0,1.0,1.0,0.5908,0.976,0.9213,0.9992,1.0,0.6893,1.0,,,
ag_news,classification,word_shuffle,0.5,42,90.84,1.0,1.0,1.0,0.5908,0.976,0.9213,0.9992,1.0,0.6904,1.0,,,
ag_news,classification,word_shuffle,0.75,42,91.06,1.0,1.0,1.0,0.5908,0.976,0.9213,0.9992,1.0,0.7011,1.0,,,
ag_news,classification,word_shuffle,0.9,42,90.89,1.0,1.0,1.0,0.5908,0.976,0.9213,0.9992,1.0,0.6925,1.0,,,
ag_news,classification,word_shuffle,0.0,7,90.9,1.0,1.0,1.0,0.5185,0.964,0.9213,0.9993,1.0,0.7144,1.0,,,
ag_news,classification,word_shuffle,0.1,7,90.65,1.0,1.0,1.0,0.5185,0.964,0.9213,0.9993,1.0,0.7015,1.0,,,
ag_news,classification,word_shuffle,0.25,7,90.96,1.0,1.0,1.0,0.5185,0.964,0.9213,0.9993,1.0,0.717,1.0,,,
ag_news,classification,word_shuffle,0.5,7,90.44,1.0,1.0,1.0,0.5185,0.964,0.9213,0.9993,1.0,0.6914,1.0,,,
ag_news,classification,word_shuffle,0.75,7,90.46,1.0,1.0,1.0,0.5185,0.964,0.9213,0.9993,1.0,0.6925,1.0,,,
ag_news,classification,word_shuffle,0.9,7,90.64,1.0,1.0,1.0,0.5185,0.964,0.9213,0.9993,1.0,0.701,1.0,,,
ag_news,classification,word_shuffle,0.0,99,91.15,1.0,1.0,1.0,0.6647,0.986,0.9213,0.9988,1.0,0.685,1.0,,,
ag_news,classification,word_shuffle,0.1,99,91.16,1.0,1.0,1.0,0.6647,0.986,0.9213,0.9988,1.0,0.6856,1.0,,,
ag_news,classification,word_shuffle,0.25,99,90.87,1.0,1.0,1.0,0.6647,0.986,0.9213,0.9988,1.0,0.6711,1.0,,,
ag_news,classification,word_shuffle,0.5,99,90.98,1.0,1.0,1.0,0.6647,0.986,0.9213,0.9988,1.0,0.6765,1.0,,,
ag_news,classification,word_shuffle,0.75,99,90.54,1.0,1.0,1.0,0.6647,0.986,0.9213,0.9988,1.0,0.6545,1.0,,,
ag_news,classification,word_shuffle,0.9,99,90.56,1.0,1.0,1.0,0.6647,0.986,0.9213,0.9988,1.0,0.6556,1.0,,,
ag_news,classification,class_balance,0.0,42,91.04,1.0,1.0,1.0,0.5569,0.978,1.0,0.999,1.0,0.6691,1.0,,,
ag_news,classification,class_balance,0.1,42,89.96,1.0,1.0,1.0,0.5503,0.972,0.9027,0.9986,1.0,0.6673,1.0,,,
ag_news,classification,class_balance,0.25,42,89.19,1.0,1.0,1.0,0.5247,0.976,0.7531,0.9992,1.0,0.7082,1.0,,,
ag_news,classification,class_balance,0.5,42,87.61,1.0,1.0,1.0,0.6121,0.976,0.5037,0.9986,1.0,0.7324,1.0,,,
ag_news,classification,class_balance,0.75,42,84.39,1.0,1.0,1.0,0.5247,0.976,0.2519,0.9992,1.0,0.7188,1.0,,,
ag_news,classification,class_balance,0.9,42,83.25,1.0,1.0,1.0,0.5569,0.968,0.1022,0.9989,1.0,0.7308,1.0,,,
ag_news,classification,class_balance,0.0,7,91.9,1.0,1.0,1.0,0.5702,0.97,1.0,0.9996,1.0,0.7102,1.0,,,
ag_news,classification,class_balance,0.1,7,90.78,1.0,1.0,1.0,0.5839,0.978,0.9027,0.9992,1.0,0.6979,1.0,,,
ag_news,classification,class_balance,0.25,7,89.33,1.0,1.0,1.0,0.6049,0.986,0.7531,0.9994,1.0,0.6928,1.0,,,
ag_news,classification,class_balance,0.5,7,87.52,1.0,1.0,1.0,0.5569,0.974,0.5037,0.999,1.0,0.7422,1.0,,,
ag_news,classification,class_balance,0.75,7,86.02,1.0,1.0,1.0,0.6193,0.988,0.2519,0.9994,1.0,0.7737,1.0,,,
ag_news,classification,class_balance,0.9,7,83.92,1.0,1.0,1.0,0.5374,0.984,0.1022,0.9992,1.0,0.7652,1.0,,,
ag_news,classification,class_balance,0.0,99,90.91,1.0,1.0,1.0,0.5001,0.968,1.0,0.9996,1.0,0.6785,1.0,,,
ag_news,classification,class_balance,0.1,99,90.08,1.0,1.0,1.0,0.5702,0.982,0.9027,0.9992,1.0,0.6649,1.0,,,
ag_news,classification,class_balance,0.25,99,88.69,1.0,1.0,1.0,0.5185,0.976,0.7531,0.999,1.0,0.6852,1.0,,,
ag_news,classification,class_balance,0.5,99,85.69,1.0,1.0,1.0,0.531,0.972,0.5037,0.9995,1.0,0.6575,1.0,,,
ag_news,classification,class_balance,0.75,99,83.87,1.0,1.0,1.0,0.5702,0.976,0.2519,0.9992,1.0,0.6818,1.0,,,
ag_news,classification,class_balance,0.9,99,83.93,1.0,1.0,1.0,0.5123,0.976,0.1022,0.9986,1.0,0.7743,1.0,,,
ag_news,classification,label_swap,0.0,42,91.27,1.0,1.0,1.0,0.5908,0.976,0.9213,0.9992,1.0,0.7118,1.0,,,
ag_news,classification,label_swap,0.1,42,87.07,1.0,1.0,1.0,0.5908,0.976,0.968,0.9992,1.0,0.4783,1.0,,,
ag_news,classification,label_swap,0.25,42,83.26,1.0,1.0,1.0,0.5908,0.976,0.9427,0.9992,1.0,0.3006,1.0,,,
ag_news,classification,label_swap,0.5,42,79.52,1.0,1.0,1.0,0.5908,0.976,0.972,0.9992,1.0,0.099,1.0,,,
ag_news,classification,label_swap,0.75,42,77.45,1.0,1.0,1.0,0.5908,0.976,0.9627,0.9992,1.0,0.0,1.0,,,
ag_news,classification,label_swap,0.9,42,77.52,1.0,1.0,1.0,0.5908,0.976,0.948,0.9992,1.0,0.0107,1.0,,,
ag_news,classification,label_swap,0.0,7,90.9,1.0,1.0,1.0,0.5185,0.964,0.9213,0.9993,1.0,0.7144,1.0,,,
ag_news,classification,label_swap,0.1,7,88.28,1.0,1.0,1.0,0.5185,0.964,0.9533,0.9993,1.0,0.5673,1.0,,,
ag_news,classification,label_swap,0.25,7,83.2,1.0,1.0,1.0,0.5185,0.964,0.9493,0.9993,1.0,0.3154,1.0,,,
ag_news,classification,label_swap,0.5,7,78.86,1.0,1.0,1.0,0.5185,0.964,0.976,0.9993,1.0,0.0849,1.0,,,
ag_news,classification,label_swap,0.75,7,77.19,1.0,1.0,1.0,0.5185,0.964,0.9787,0.9993,1.0,0.0,1.0,,,
ag_news,classification,label_swap,0.9,7,77.65,1.0,1.0,1.0,0.5185,0.964,0.9213,0.9993,1.0,0.0517,1.0,,,
ag_news,classification,label_swap,0.0,99,91.15,1.0,1.0,1.0,0.6647,0.986,0.9213,0.9988,1.0,0.685,1.0,,,
ag_news,classification,label_swap,0.1,99,87.1,1.0,1.0,1.0,0.6647,0.986,0.9293,0.9988,1.0,0.4786,1.0,,,
ag_news,classification,label_swap,0.25,99,82.69,1.0,1.0,1.0,0.6647,0.986,0.9427,0.9988,1.0,0.2516,1.0,,,
ag_news,classification,label_swap,0.5,99,79.97,1.0,1.0,1.0,0.6647,0.986,0.9293,0.9988,1.0,0.1219,1.0,,,
ag_news,classification,label_swap,0.75,99,78.01,1.0,1.0,1.0,0.6647,0.986,0.9773,0.9988,1.0,0.0,1.0,,,
ag_news,classification,label_swap,0.9,99,78.33,1.0,1.0,1.0,0.6647,0.986,0.9627,0.9988,1.0,0.0233,1.0,,,
imdb,classification,completeness_text,0.0,42,81.68,1.0,1.0,1.0,0.2986,0.93,0.9927,0.9993,1.0,0.281,1.0,,,
imdb,classification,completeness_text,0.1,42,79.96,0.8999,1.0,1.0,0.2986,0.93,0.9927,0.9988,1.0,0.2705,1.0,,,
imdb,classification,completeness_text,0.25,42,76.91,0.7501,1.0,1.0,0.2986,0.93,0.9927,0.9947,1.0,0.2335,1.0,,,
imdb,classification,completeness_text,0.5,42,71.12,0.4999,1.0,1.0,0.2986,0.93,0.9927,0.905,1.0,0.1989,1.0,,,
imdb,classification,completeness_text,0.75,42,62.99,0.2499,1.0,1.0,0.2986,0.93,0.9927,0.7236,1.0,0.1159,1.0,,,
imdb,classification,completeness_text,0.9,42,57.58,0.1,1.0,1.0,0.2986,0.93,0.9927,0.6005,1.0,0.0499,1.0,,,
imdb,classification,completeness_text,0.0,7,80.79,1.0,1.0,1.0,0.3056,0.92,0.9927,0.9989,1.0,0.2378,1.0,,,
imdb,classification,completeness_text,0.1,7,79.35,0.9002,1.0,1.0,0.3056,0.92,0.9927,0.9984,1.0,0.241,1.0,,,
imdb,classification,completeness_text,0.25,7,77.12,0.7499,1.0,1.0,0.3056,0.92,0.9927,0.9933,1.0,0.2458,1.0,,,
imdb,classification,completeness_text,0.5,7,71.4,0.4999,1.0,1.0,0.3056,0.92,0.9927,0.9004,1.0,0.217,1.0,,,
imdb,classification,completeness_text,0.75,7,62.36,0.2501,1.0,1.0,0.3056,0.92,0.9927,0.7214,1.0,0.0865,1.0,,,
imdb,classification,completeness_text,0.9,7,57.47,0.0999,1.0,1.0,0.3056,0.92,0.9927,0.5992,1.0,0.0465,1.0,,,
imdb,classification,completeness_text,0.0,99,81.95,1.0,1.0,1.0,0.2818,0.912,0.9927,0.999,1.0,0.3035,1.0,,,
imdb,classification,completeness_text,0.1,99,80.33,0.9,1.0,1.0,0.2818,0.912,0.9927,0.9982,1.0,0.2978,1.0,,,
imdb,classification,completeness_text,0.25,99,77.72,0.7498,1.0,1.0,0.2818,0.912,0.9927,0.9931,1.0,0.2842,1.0,,,
imdb,classification,completeness_text,0.5,99,71.46,0.4999,1.0,1.0,0.2818,0.912,0.9927,0.9015,1.0,0.2274,1.0,,,
imdb,classification,completeness_text,0.75,99,62.79,0.2502,1.0,1.0,0.2818,0.912,0.9927,0.7227,1.0,0.1153,1.0,,,
imdb,classification,completeness_text,0.9,99,58.02,0.0998,1.0,1.0,0.2818,0.912,0.9927,0.5992,1.0,0.0817,1.0,,,
imdb,classification,noise_injection_text,0.0,42,81.68,1.0,1.0,1.0,0.2986,0.93,0.9927,0.9993,1.0,0.281,1.0,,,
imdb,classification,noise_injection_text,0.1,42,78.61,1.0,1.0,1.0,0.2986,0.93,0.9927,1.0,1.0,0.1272,1.0,,,
imdb,classification,noise_injection_text,0.25,42,77.02,1.0,1.0,1.0,0.3011,0.93,0.9927,1.0,1.0,0.0467,1.0,,,
imdb,classification,noise_injection_text,0.5,42,76.63,1.0,1.0,1.0,0.3004,0.93,0.9927,1.0,1.0,0.0274,1.0,,,
imdb,classification,noise_injection_text,0.75,42,76.08,1.0,1.0,1.0,0.3021,0.928,0.9927,1.0,1.0,0.0,1.0,,,
imdb,classification,noise_injection_text,0.9,42,76.21,1.0,1.0,1.0,0.3012,0.93,0.9927,1.0,1.0,0.0064,1.0,,,
imdb,classification,noise_injection_text,0.0,7,80.79,1.0,1.0,1.0,0.3056,0.92,0.9927,0.9989,1.0,0.2378,1.0,,,
imdb,classification,noise_injection_text,0.1,7,78.67,1.0,1.0,1.0,0.305,0.92,0.9927,0.9995,1.0,0.1313,1.0,,,
imdb,classification,noise_injection_text,0.25,7,76.82,1.0,1.0,1.0,0.3039,0.922,0.9927,0.9996,1.0,0.0384,1.0,,,
imdb,classification,noise_injection_text,0.5,7,76.75,1.0,1.0,1.0,0.3016,0.924,0.9927,0.9996,1.0,0.0352,1.0,,,
imdb,classification,noise_injection_text,0.75,7,76.04,1.0,1.0,1.0,0.3006,0.924,0.9927,0.9996,1.0,0.0,1.0,,,
imdb,classification,noise_injection_text,0.9,7,75.99,1.0,1.0,1.0,0.2937,0.92,0.9927,0.9996,1.0,0.0,1.0,,,
imdb,classification,noise_injection_text,0.0,99,81.95,1.0,1.0,1.0,0.2818,0.912,0.9927,0.999,1.0,0.3035,1.0,,,
imdb,classification,noise_injection_text,0.1,99,78.41,1.0,1.0,1.0,0.2818,0.912,0.9927,0.9999,1.0,0.1257,1.0,,,
imdb,classification,noise_injection_text,0.25,99,76.51,1.0,1.0,1.0,0.2802,0.912,0.9927,1.0,1.0,0.0312,1.0,,,
imdb,classification,noise_injection_text,0.5,99,76.19,1.0,1.0,1.0,0.2802,0.908,0.9927,1.0,1.0,0.016,1.0,,,
imdb,classification,noise_injection_text,0.75,99,76.15,1.0,1.0,1.0,0.2849,0.912,0.9927,1.0,1.0,0.012,1.0,,,
imdb,classification,noise_injection_text,0.9,99,75.89,1.0,1.0,1.0,0.2801,0.912,0.9927,1.0,1.0,0.0,1.0,,,
imdb,classification,word_shuffle,0.0,42,81.68,1.0,1.0,1.0,0.2986,0.93,0.9927,0.9993,1.0,0.281,1.0,,,
imdb,classification,word_shuffle,0.1,42,81.04,1.0,1.0,1.0,0.2986,0.93,0.9927,0.9993,1.0,0.2488,1.0,,,
imdb,classification,word_shuffle,0.25,42,80.38,1.0,1.0,1.0,0.2986,0.93,0.9927,0.9993,1.0,0.2158,1.0,,,
imdb,classification,word_shuffle,0.5,42,80.01,1.0,1.0,1.0,0.2986,0.93,0.9927,0.9993,1.0,0.1973,1.0,,,
imdb,classification,word_shuffle,0.75,42,80.05,1.0,1.0,1.0,0.2986,0.93,0.9927,0.9993,1.0,0.1997,1.0,,,
imdb,classification,word_shuffle,0.9,42,80.65,1.0,1.0,1.0,0.2986,0.93,0.9927,0.9993,1.0,0.2295,1.0,,,
imdb,classification,word_shuffle,0.0,7,80.79,1.0,1.0,1.0,0.3056,0.92,0.9927,0.9989,1.0,0.2378,1.0,,,
imdb,classification,word_shuffle,0.1,7,80.51,1.0,1.0,1.0,0.3056,0.92,0.9927,0.9989,1.0,0.2234,1.0,,,
imdb,classification,word_shuffle,0.25,7,80.49,1.0,1.0,1.0,0.3056,0.92,0.9927,0.9989,1.0,0.2226,1.0,,,
imdb,classification,word_shuffle,0.5,7,80.41,1.0,1.0,1.0,0.3056,0.92,0.9927,0.9989,1.0,0.2186,1.0,,,
imdb,classification,word_shuffle,0.75,7,79.8,1.0,1.0,1.0,0.3056,0.92,0.9927,0.9989,1.0,0.1882,1.0,,,
imdb,classification,word_shuffle,0.9,7,79.62,1.0,1.0,1.0,0.3056,0.92,0.9927,0.9989,1.0,0.1794,1.0,,,
imdb,classification,word_shuffle,0.0,99,81.95,1.0,1.0,1.0,0.2818,0.912,0.9927,0.999,1.0,0.3035,1.0,,,
imdb,classification,word_shuffle,0.1,99,81.07,1.0,1.0,1.0,0.2818,0.912,0.9927,0.999,1.0,0.2594,1.0,,,
imdb,classification,word_shuffle,0.25,99,80.33,1.0,1.0,1.0,0.2818,0.912,0.9927,0.999,1.0,0.2226,1.0,,,
imdb,classification,word_shuffle,0.5,99,79.68,1.0,1.0,1.0,0.2818,0.912,0.9927,0.999,1.0,0.1898,1.0,,,
imdb,classification,word_shuffle,0.75,99,79.9,1.0,1.0,1.0,0.2818,0.912,0.9927,0.999,1.0,0.201,1.0,,,
imdb,classification,word_shuffle,0.9,99,79.77,1.0,1.0,1.0,0.2818,0.912,0.9927,0.999,1.0,0.1946,1.0,,,
imdb,classification,class_balance,0.0,42,80.98,1.0,1.0,1.0,0.2925,0.924,1.0,0.9983,1.0,0.2461,1.0,,,
imdb,classification,class_balance,0.1,42,79.57,1.0,1.0,1.0,0.2629,0.922,0.9004,0.999,1.0,0.233,1.0,,,
imdb,classification,class_balance,0.25,42,79.63,1.0,1.0,1.0,0.2931,0.93,0.751,0.9994,1.0,0.3008,1.0,,,
imdb,classification,class_balance,0.5,42,78.34,1.0,1.0,1.0,0.3064,0.924,0.5007,0.9987,1.0,0.36,1.0,,,
imdb,classification,class_balance,0.75,42,74.52,1.0,1.0,1.0,0.2662,0.916,0.2503,0.9998,1.0,0.3054,1.0,,,
imdb,classification,class_balance,0.9,42,72.58,1.0,1.0,1.0,0.3085,0.912,0.1009,0.9998,1.0,0.2736,1.0,,,
imdb,classification,class_balance,0.0,7,82.71,1.0,1.0,1.0,0.3015,0.912,1.0,0.9998,1.0,0.3324,1.0,,,
imdb,classification,class_balance,0.1,7,81.09,1.0,1.0,1.0,0.2925,0.916,0.9004,0.9994,1.0,0.3026,1.0,,,
imdb,classification,class_balance,0.25,7,79.65,1.0,1.0,1.0,0.2914,0.906,0.751,0.9992,1.0,0.308,1.0,,,
imdb,classification,class_balance,0.5,7,76.21,1.0,1.0,1.0,0.2881,0.916,0.5007,0.9996,1.0,0.2593,1.0,,,
imdb,classification,class_balance,0.75,7,73.99,1.0,1.0,1.0,0.2807,0.916,0.2503,0.9996,1.0,0.2754,1.0,,,
imdb,classification,class_balance,0.9,7,72.75,1.0,1.0,1.0,0.3076,0.924,0.1009,0.9997,1.0,0.2793,1.0,,,
imdb,classification,class_balance,0.0,99,81.13,1.0,1.0,1.0,0.2971,0.926,1.0,0.9995,1.0,0.2514,1.0,,,
imdb,classification,class_balance,0.1,99,79.72,1.0,1.0,1.0,0.2608,0.928,0.9004,0.9997,1.0,0.2387,1.0,,,
imdb,classification,class_balance,0.25,99,79.27,1.0,1.0,1.0,0.282,0.924,0.751,0.9989,1.0,0.2874,1.0,,,
imdb,classification,class_balance,0.5,99,77.37,1.0,1.0,1.0,0.2794,0.91,0.5007,0.9999,1.0,0.3209,1.0,,,
imdb,classification,class_balance,0.75,99,73.63,1.0,1.0,1.0,0.3013,0.924,0.2503,0.9995,1.0,0.2503,1.0,,,
imdb,classification,class_balance,0.9,99,73.89,1.0,1.0,1.0,0.3061,0.914,0.1009,0.9998,1.0,0.3391,1.0,,,
imdb,classification,label_swap,0.0,42,81.68,1.0,1.0,1.0,0.2986,0.93,0.9927,0.9993,1.0,0.281,1.0,,,
imdb,classification,label_swap,0.1,42,78.99,1.0,1.0,1.0,0.2986,0.93,0.9993,0.9993,1.0,0.1432,1.0,,,
imdb,classification,label_swap,0.25,42,77.98,1.0,1.0,1.0,0.2986,0.93,0.99,0.9993,1.0,0.0975,1.0,,,
imdb,classification,label_swap,0.5,42,76.07,1.0,1.0,1.0,0.2986,0.93,0.994,0.9993,1.0,0.0,1.0,,,
imdb,classification,label_swap,0.75,42,78.16,1.0,1.0,1.0,0.2986,0.93,0.9993,0.9993,1.0,0.1015,1.0,,,
imdb,classification,label_swap,0.9,42,79.83,1.0,1.0,1.0,0.2986,0.93,0.9967,0.9993,1.0,0.1864,1.0,,,
imdb,classification,label_swap,0.0,7,80.79,1.0,1.0,1.0,0.3056,0.92,0.9927,0.9989,1.0,0.2378,1.0,,,
imdb,classification,label_swap,0.1,7,78.32,1.0,1.0,1.0,0.3056,0.92,0.9887,0.9989,1.0,0.116,1.0,,,
imdb,classification,label_swap,0.25,7,76.6,1.0,1.0,1.0,0.3056,0.92,0.9953,0.9989,1.0,0.0269,1.0,,,
imdb,classification,label_swap,0.5,7,76.02,1.0,1.0,1.0,0.3056,0.92,0.9913,0.9989,1.0,0.0,1.0,,,
imdb,classification,label_swap,0.75,7,77.64,1.0,1.0,1.0,0.3056,0.92,0.9807,0.9989,1.0,0.0862,1.0,,,
imdb,classification,label_swap,0.9,7,79.06,1.0,1.0,1.0,0.3056,0.92,0.9887,0.9989,1.0,0.1533,1.0,,,
imdb,classification,label_swap,0.0,99,81.95,1.0,1.0,1.0,0.2818,0.912,0.9927,0.999,1.0,0.3035,1.0,,,
imdb,classification,label_swap,0.1,99,79.68,1.0,1.0,1.0,0.2818,0.912,0.9913,0.999,1.0,0.1906,1.0,,,
imdb,classification,label_swap,0.25,99,76.31,1.0,1.0,1.0,0.2818,0.912,0.9753,0.999,1.0,0.0302,1.0,,,
imdb,classification,label_swap,0.5,99,76.55,1.0,1.0,1.0,0.2818,0.912,0.9833,0.999,1.0,0.038,1.0,,,
imdb,classification,label_swap,0.75,99,78.04,1.0,1.0,1.0,0.2818,0.912,0.9967,0.999,1.0,0.1058,1.0,,,
imdb,classification,label_swap,0.9,99,79.36,1.0,1.0,1.0,0.2818,0.912,0.994,0.999,1.0,0.1735,1.0,,,
20news,classification,completeness_text,0.0,42,75.84,0.958,0.96,0.958,0.1399,0.91,0.7267,0.9417,1.0,0.2719,1.0,,,
20news,classification,completeness_text,0.1,42,74.56,0.8631,0.96,0.958,0.1399,0.91,0.7267,0.9408,1.0,0.2795,1.0,,,
20news,classification,completeness_text,0.25,42,72.54,0.7197,0.96,0.958,0.1399,0.91,0.7267,0.9368,1.0,0.2892,1.0,,,
20news,classification,completeness_text,0.5,42,68.02,0.481,0.96,0.958,0.1399,0.91,0.7267,0.8848,1.0,0.2812,1.0,,,
20news,classification,completeness_text,0.75,42,59.71,0.2383,0.958,0.958,0.1399,0.91,0.7267,0.7018,1.0,0.1861,1.0,,,
20news,classification,completeness_text,0.9,42,53.14,0.0959,0.958,0.958,0.1399,0.91,0.7267,0.5767,0.9999,0.0581,1.0,,,
20news,classification,completeness_text,0.0,7,76.02,0.966,0.966,0.966,0.1047,0.892,0.7267,0.9421,1.0,0.283,1.0,,,
20news,classification,completeness_text,0.1,7,74.58,0.8699,0.968,0.966,0.1047,0.892,0.7267,0.9407,1.0,0.283,1.0,,,
20news,classification,completeness_text,0.25,7,72.73,0.7255,0.968,0.966,0.1047,0.892,0.7267,0.936,1.0,0.3023,1.0,,,
20news,classification,completeness_text,0.5,7,68.36,0.485,0.968,0.966,0.1047,0.892,0.7267,0.8817,1.0,0.3049,1.0,,,
20news,classification,completeness_text,0.75,7,59.52,0.2405,0.964,0.966,0.1047,0.892,0.7267,0.7039,1.0,0.1818,1.0,,,
20news,classification,completeness_text,0.9,7,53.33,0.0962,0.964,0.966,0.1047,0.892,0.7267,0.579,0.9999,0.0743,1.0,,,
20news,classification,completeness_text,0.0,99,76.8,0.974,0.976,0.974,0.1361,0.898,0.7267,0.9542,1.0,0.2907,1.0,,,
20news,classification,completeness_text,0.1,99,75.18,0.8786,0.976,0.974,0.1361,0.898,0.7267,0.9535,1.0,0.2814,1.0,,,
20news,classification,completeness_text,0.25,99,73.37,0.732,0.976,0.974,0.1361,0.898,0.7267,0.9491,1.0,0.3046,1.0,,,
20news,classification,completeness_text,0.5,99,68.66,0.4887,0.976,0.974,0.1361,0.898,0.7267,0.895,1.0,0.2919,1.0,,,
20news,classification,completeness_text,0.75,99,59.95,0.242,0.972,0.974,0.1361,0.898,0.7267,0.713,1.0,0.1798,1.0,,,
20news,classification,completeness_text,0.9,99,53.44,0.0961,0.966,0.974,0.1361,0.898,0.7267,0.5861,0.9999,0.0622,1.0,,,
20news,classification,noise_injection_text,0.0,42,75.81,0.958,0.96,0.958,0.1399,0.91,0.7267,0.9417,1.0,0.2706,1.0,,,
20news,classification,noise_injection_text,0.1,42,74.2,0.958,0.96,0.958,0.1399,0.91,0.7267,0.9431,1.0,0.1891,1.0,,,
20news,classification,noise_injection_text,0.25,42,71.54,0.958,0.96,0.958,0.1401,0.91,0.7267,0.9431,1.0,0.0559,1.0,,,
20news,classification,noise_injection_text,0.5,42,70.81,0.958,0.96,0.958,0.1426,0.91,0.7267,0.943,0.9999,0.0188,1.0,,,
20news,classification,noise_injection_text,0.75,42,70.64,0.958,0.96,0.958,0.1413,0.908,0.7267,0.9429,0.9999,0.0111,1.0,,,
20news,classification,noise_injection_text,0.9,42,70.7,0.958,0.96,0.958,0.1388,0.91,0.7267,0.9427,0.9999,0.0145,1.0,,,
20news,classification,noise_injection_text,0.0,7,76.01,0.966,0.966,0.966,0.1047,0.892,0.7267,0.9421,1.0,0.2825,1.0,,,
20news,classification,noise_injection_text,0.1,7,74.7,0.966,0.968,0.966,0.1048,0.892,0.7267,0.9459,1.0,0.213,1.0,,,
20news,classification,noise_injection_text,0.25,7,71.86,0.966,0.968,0.966,0.1048,0.892,0.7267,0.946,1.0,0.0709,1.0,,,
20news,classification,noise_injection_text,0.5,7,70.92,0.966,0.968,0.966,0.1053,0.892,0.7267,0.9458,1.0,0.0241,1.0,,,
20news,classification,noise_injection_text,0.75,7,70.98,0.966,0.968,0.966,0.1064,0.892,0.7267,0.9457,1.0,0.0267,1.0,,,
20news,classification,noise_injection_text,0.9,7,70.89,0.966,0.968,0.966,0.107,0.892,0.7267,0.9457,0.9999,0.022,1.0,,,
20news,classification,noise_injection_text,0.0,99,76.84,0.974,0.976,0.974,0.1361,0.898,0.7267,0.9542,1.0,0.2924,1.0,,,
20news,classification,noise_injection_text,0.1,99,74.79,0.974,0.976,0.974,0.1361,0.898,0.7267,0.9568,1.0,0.1878,1.0,,,
20news,classification,noise_injection_text,0.25,99,72.33,0.974,0.976,0.974,0.1369,0.898,0.7267,0.9568,1.0,0.0648,1.0,,,
20news,classification,noise_injection_text,0.5,99,71.52,0.974,0.976,0.974,0.1381,0.898,0.7267,0.9565,1.0,0.0243,1.0,,,
20news,classification,noise_injection_text,0.75,99,71.57,0.974,0.976,0.974,0.1449,0.898,0.7267,0.9567,1.0,0.0251,1.0,,,
20news,classification,noise_injection_text,0.9,99,71.25,0.974,0.976,0.974,0.1447,0.898,0.7267,0.9567,1.0,0.0091,1.0,,,
20news,classification,word_shuffle,0.0,42,75.84,0.958,0.96,0.958,0.1399,0.91,0.7267,0.9417,1.0,0.2719,1.0,,,
20news,classification,word_shuffle,0.1,42,75.54,0.958,0.96,0.958,0.1399,0.91,0.7267,0.9417,1.0,0.2571,1.0,,,
20news,classification,word_shuffle,0.25,42,75.46,0.958,0.96,0.958,0.1399,0.91,0.7267,0.9417,1.0,0.2529,1.0,,,
20news,classification,word_shuffle,0.5,42,75.67,0.958,0.96,0.958,0.1399,0.91,0.7267,0.9417,1.0,0.2634,1.0,,,
20news,classification,word_shuffle,0.75,42,75.28,0.958,0.96,0.958,0.1399,0.91,0.7267,0.9417,1.0,0.244,1.0,,,
20news,classification,word_shuffle,0.9,42,75.34,0.958,0.96,0.958,0.1399,0.91,0.7267,0.9417,1.0,0.247,1.0,,,
20news,classification,word_shuffle,0.0,7,76.02,0.966,0.966,0.966,0.1047,0.892,0.7267,0.9421,1.0,0.283,1.0,,,
20news,classification,word_shuffle,0.1,7,75.72,0.966,0.968,0.966,0.1047,0.892,0.7267,0.9421,1.0,0.2669,1.0,,,
20news,classification,word_shuffle,0.25,7,75.58,0.966,0.968,0.966,0.1047,0.892,0.7267,0.9421,1.0,0.2598,1.0,,,
20news,classification,word_shuffle,0.5,7,75.72,0.966,0.968,0.966,0.1047,0.892,0.7267,0.9421,1.0,0.2669,1.0,,,
20news,classification,word_shuffle,0.75,7,75.63,0.966,0.968,0.966,0.1047,0.892,0.7267,0.9421,1.0,0.2623,1.0,,,
20news,classification,word_shuffle,0.9,7,75.7,0.966,0.968,0.966,0.1047,0.892,0.7267,0.9421,1.0,0.2661,1.0,,,
20news,classification,word_shuffle,0.0,99,76.8,0.974,0.976,0.974,0.1361,0.898,0.7267,0.9542,1.0,0.2907,1.0,,,
20news,classification,word_shuffle,0.1,99,76.47,0.974,0.976,0.974,0.1361,0.898,0.7267,0.9542,1.0,0.2738,1.0,,,
20news,classification,word_shuffle,0.25,99,76.14,0.974,0.976,0.974,0.1361,0.898,0.7267,0.9542,1.0,0.2574,1.0,,,
20news,classification,word_shuffle,0.5,99,76.21,0.974,0.976,0.974,0.1361,0.898,0.7267,0.9542,1.0,0.2612,1.0,,,
20news,classification,word_shuffle,0.75,99,75.89,0.974,0.976,0.974,0.1361,0.898,0.7267,0.9542,1.0,0.2452,1.0,,,
20news,classification,word_shuffle,0.9,99,75.97,0.974,0.976,0.974,0.1361,0.898,0.7267,0.9542,1.0,0.2489,1.0,,,
20news,classification,class_balance,0.0,42,78.82,0.974,0.976,0.974,0.1435,0.904,1.0,0.9525,1.0,0.2527,1.0,,,
20news,classification,class_balance,0.1,42,78.82,0.974,0.976,0.974,0.1435,0.904,1.0,0.9525,1.0,0.2527,1.0,,,
20news,classification,class_balance,0.25,42,76.95,0.974,0.976,0.974,0.1227,0.91,0.7564,0.9534,1.0,0.284,1.0,,,
20news,classification,class_balance,0.5,42,75.34,0.974,0.974,0.974,0.1266,0.93,0.5128,0.9521,1.0,0.3215,1.0,,,
20news,classification,class_balance,0.75,42,73.6,0.976,0.978,0.976,0.1338,0.898,0.2692,0.9546,1.0,0.3564,1.0,,,
20news,classification,class_balance,0.9,42,71.84,0.968,0.97,0.968,0.1298,0.91,0.1538,0.9469,1.0,0.3417,1.0,,,
20news,classification,class_balance,0.0,7,79.42,0.978,0.98,0.978,0.1248,0.89,1.0,0.9569,1.0,0.2814,1.0,,,
20news,classification,class_balance,0.1,7,79.42,0.978,0.98,0.978,0.1248,0.89,1.0,0.9569,1.0,0.2814,1.0,,,
20news,classification,class_balance,0.25,7,78.13,0.98,0.982,0.98,0.1385,0.896,0.7564,0.9608,1.0,0.3283,1.0,,,
20news,classification,class_balance,0.5,7,74.23,0.966,0.966,0.966,0.1227,0.908,0.5128,0.9433,1.0,0.2912,1.0,,,
20news,classification,class_balance,0.75,7,72.94,0.968,0.97,0.968,0.129,0.914,0.2692,0.9421,1.0,0.3421,1.0,,,
20news,classification,class_balance,0.9,7,73.47,0.972,0.974,0.972,0.1141,0.902,0.1538,0.9474,1.0,0.4232,1.0,,,
20news,classification,class_balance,0.0,99,79.26,0.968,0.97,0.968,0.1191,0.912,1.0,0.9472,1.0,0.2918,1.0,,,
20news,classification,class_balance,0.1,99,79.26,0.968,0.97,0.968,0.1191,0.912,1.0,0.9472,1.0,0.2918,1.0,,,
20news,classification,class_balance,0.25,99,77.33,0.982,0.984,0.982,0.1473,0.908,0.7564,0.9606,1.0,0.2798,1.0,,,
20news,classification,class_balance,0.5,99,74.38,0.964,0.966,0.964,0.1073,0.888,0.5128,0.9408,1.0,0.3112,1.0,,,
20news,classification,class_balance,0.75,99,73.83,0.98,0.982,0.98,0.1415,0.908,0.2692,0.9588,1.0,0.3545,1.0,,,
20news,classification,class_balance,0.9,99,72.76,0.978,0.98,0.978,0.156,0.898,0.1538,0.9577,1.0,0.3611,1.0,,,
20news,classification,label_swap,0.0,42,75.84,0.958,0.96,0.958,0.1399,0.91,0.7267,0.9417,1.0,0.2719,1.0,,,
20news,classification,label_swap,0.1,42,75.15,0.958,0.96,0.958,0.1399,0.91,0.76,0.9417,1.0,0.221,1.0,,,
20news,classification,label_swap,0.25,42,73.73,0.958,0.96,0.958,0.1399,0.91,0.74,0.9417,1.0,0.1599,1.0,,,
20news,classification,label_swap,0.5,42,72.3,0.958,0.96,0.958,0.1399,0.91,0.7733,0.9417,1.0,0.0715,1.0,,,
20news,classification,label_swap,0.75,42,72.09,0.958,0.96,0.958,0.1399,0.91,0.8733,0.9417,1.0,0.0109,1.0,,,
20news,classification,label_swap,0.9,42,71.6,0.958,0.96,0.958,0.1399,0.91,0.8467,0.9417,1.0,0.0,1.0,,,
20news,classification,label_swap,0.0,7,76.02,0.966,0.966,0.966,0.1047,0.892,0.7267,0.9421,1.0,0.283,1.0,,,
20news,classification,label_swap,0.1,7,75.55,0.966,0.966,0.966,0.1047,0.892,0.76,0.9421,1.0,0.243,1.0,,,
20news,classification,label_swap,0.25,7,73.69,0.966,0.966,0.966,0.1047,0.892,0.78,0.9421,1.0,0.1398,1.0,,,
20news,classification,label_swap,0.5,7,71.93,0.966,0.966,0.966,0.1047,0.892,0.7533,0.9421,1.0,0.0651,1.0,,,
20news,classification,label_swap,0.75,7,71.31,0.966,0.966,0.966,0.1047,0.892,0.8,0.9421,1.0,0.0109,1.0,,,
20news,classification,label_swap,0.9,7,71.76,0.966,0.966,0.966,0.1047,0.892,0.8667,0.9421,1.0,0.0,1.0,,,
20news,classification,label_swap,0.0,99,76.8,0.974,0.976,0.974,0.1361,0.898,0.7267,0.9542,1.0,0.2907,1.0,,,
20news,classification,label_swap,0.1,99,76.0,0.974,0.976,0.974,0.1361,0.898,0.76,0.9542,1.0,0.2338,1.0,,,
20news,classification,label_swap,0.25,99,73.97,0.974,0.976,0.974,0.1361,0.898,0.7467,0.9542,1.0,0.1389,1.0,,,
20news,classification,label_swap,0.5,99,74.15,0.974,0.976,0.974,0.1361,0.898,0.92,0.9542,1.0,0.0615,1.0,,,
20news,classification,label_swap,0.75,99,71.91,0.974,0.976,0.974,0.1361,0.898,0.7733,0.9542,1.0,0.0225,1.0,,,
20news,classification,label_swap,0.9,99,72.93,0.974,0.976,0.974,0.1361,0.898,0.9,0.9542,1.0,0.0103,1.0,,,
yelp_full,regression,completeness_text,0.0,42,80.53,1.0,1.0,1.0,0.2891,0.954,,0.9901,1.0,,,0.6984,0.374,1.0
yelp_full,regression,completeness_text,0.1,42,78.64,0.9012,1.0,1.0,0.2891,0.954,,0.9899,1.0,,,0.6984,0.3539,1.0
yelp_full,regression,completeness_text,0.25,42,76.3,0.7505,1.0,1.0,0.2891,0.954,,0.9876,1.0,,,0.6984,0.3514,1.0
yelp_full,regression,completeness_text,0.5,42,70.39,0.5004,1.0,1.0,0.2891,0.954,,0.9264,1.0,,,0.6984,0.2892,1.0
yelp_full,regression,completeness_text,0.75,42,62.05,0.2495,1.0,1.0,0.2891,0.954,,0.7352,1.0,,,0.6984,0.204,1.0
yelp_full,regression,completeness_text,0.9,42,57.47,0.0994,0.998,1.0,0.2891,0.954,,0.6036,1.0,,,0.6984,0.1874,1.0
yelp_full,regression,completeness_text,0.0,7,80.19,1.0,1.0,1.0,0.2695,0.958,,0.9913,1.0,,,0.6984,0.36,1.0
yelp_full,regression,completeness_text,0.1,7,78.68,0.9002,1.0,1.0,0.2695,0.958,,0.9911,1.0,,,0.6984,0.3597,1.0
yelp_full,regression,completeness_text,0.25,7,76.19,0.7498,1.0,1.0,0.2695,0.958,,0.9886,1.0,,,0.6984,0.3495,1.0
yelp_full,regression,completeness_text,0.5,7,70.43,0.5,1.0,1.0,0.2695,0.958,,0.9254,1.0,,,0.6984,0.2965,1.0
yelp_full,regression,completeness_text,0.75,7,62.33,0.2502,1.0,1.0,0.2695,0.958,,0.7352,1.0,,,0.6984,0.2213,1.0
yelp_full,regression,completeness_text,0.9,7,56.51,0.0998,0.998,1.0,0.2695,0.958,,0.6034,1.0,,,0.6984,0.1431,1.0
yelp_full,regression,completeness_text,0.0,99,80.18,1.0,1.0,1.0,0.265,0.934,,0.9874,1.0,,,0.6984,0.3696,1.0
yelp_full,regression,completeness_text,0.1,99,78.28,0.9,1.0,1.0,0.265,0.934,,0.987,1.0,,,0.6984,0.35,1.0
yelp_full,regression,completeness_text,0.25,99,76.25,0.7494,1.0,1.0,0.265,0.934,,0.9842,1.0,,,0.6984,0.3633,1.0
yelp_full,regression,completeness_text,0.5,99,70.84,0.4999,1.0,1.0,0.265,0.934,,0.9223,1.0,,,0.6984,0.3264,1.0
yelp_full,regression,completeness_text,0.75,99,62.8,0.2506,1.0,1.0,0.265,0.934,,0.7337,1.0,,,0.6984,0.253,1.0
yelp_full,regression,completeness_text,0.9,99,57.24,0.1,0.998,1.0,0.265,0.934,,0.6017,1.0,,,0.6984,0.1877,1.0
yelp_full,regression,noise_injection_text,0.0,42,80.53,1.0,1.0,1.0,0.2891,0.954,,0.9901,1.0,,,0.6984,0.374,1.0
yelp_full,regression,noise_injection_text,0.1,42,78.56,1.0,1.0,1.0,0.2891,0.954,,0.9901,1.0,,,0.6984,0.2755,1.0
yelp_full,regression,noise_injection_text,0.25,42,77.29,1.0,1.0,1.0,0.2894,0.954,,0.9902,1.0,,,0.6984,0.2117,1.0
yelp_full,regression,noise_injection_text,0.5,42,76.69,1.0,1.0,1.0,0.289,0.954,,0.9899,1.0,,,0.6984,0.1819,1.0
yelp_full,regression,noise_injection_text,0.75,42,75.45,1.0,1.0,1.0,0.2853,0.95,,0.9899,1.0,,,0.6984,0.122,1.0
yelp_full,regression,noise_injection_text,0.9,42,75.47,1.0,1.0,1.0,0.2891,0.954,,0.9897,1.0,,,0.6984,0.1215,1.0
yelp_full,regression,noise_injection_text,0.0,7,80.19,1.0,1.0,1.0,0.2695,0.958,,0.9913,1.0,,,0.6984,0.36,1.0
yelp_full,regression,noise_injection_text,0.1,7,78.7,1.0,1.0,1.0,0.2684,0.958,,0.9912,1.0,,,0.6984,0.2858,1.0
yelp_full,regression,noise_injection_text,0.25,7,76.82,1.0,1.0,1.0,0.2695,0.958,,0.9913,1.0,,,0.6984,0.1914,1.0
yelp_full,regression,noise_injection_text,0.5,7,76.92,1.0,1.0,1.0,0.2655,0.958,,0.9911,1.0,,,0.6984,0.1975,1.0
yelp_full,regression,noise_injection_text,0.75,7,76.95,1.0,1.0,1.0,0.2697,0.958,,0.991,1.0,,,0.6984,0.1983,1.0
yelp_full,regression,noise_injection_text,0.9,7,76.02,1.0,1.0,1.0,0.2669,0.958,,0.9908,1.0,,,0.6984,0.1527,1.0
yelp_full,regression,noise_injection_text,0.0,99,80.18,1.0,1.0,1.0,0.265,0.934,,0.9874,1.0,,,0.6984,0.3696,1.0
yelp_full,regression,noise_injection_text,0.1,99,78.43,1.0,1.0,1.0,0.265,0.934,,0.9876,1.0,,,0.6984,0.2818,1.0
yelp_full,regression,noise_injection_text,0.25,99,76.97,1.0,1.0,1.0,0.2655,0.934,,0.9876,1.0,,,0.6984,0.2088,1.0
yelp_full,regression,noise_injection_text,0.5,99,76.84,1.0,1.0,1.0,0.2683,0.934,,0.9875,1.0,,,0.6984,0.2014,1.0
yelp_full,regression,noise_injection_text,0.75,99,75.91,1.0,1.0,1.0,0.2662,0.934,,0.9874,1.0,,,0.6984,0.1558,1.0
yelp_full,regression,noise_injection_text,0.9,99,75.98,1.0,1.0,1.0,0.2652,0.932,,0.9873,1.0,,,0.6984,0.1599,1.0
yelp_full,regression,word_shuffle,0.0,42,80.53,1.0,1.0,1.0,0.2891,0.954,,0.9901,1.0,,,0.6984,0.374,1.0
yelp_full,regression,word_shuffle,0.1,42,79.95,1.0,1.0,1.0,0.2891,0.954,,0.9901,1.0,,,0.6984,0.345,1.0
yelp_full,regression,word_shuffle,0.25,42,79.82,1.0,1.0,1.0,0.2891,0.954,,0.9901,1.0,,,0.6984,0.3385,1.0
yelp_full,regression,word_shuffle,0.5,42,79.47,1.0,1.0,1.0,0.2891,0.954,,0.9901,1.0,,,0.6984,0.3209,1.0
yelp_full,regression,word_shuffle,0.75,42,79.19,1.0,1.0,1.0,0.2891,0.954,,0.9901,1.0,,,0.6984,0.307,1.0
yelp_full,regression,word_shuffle,0.9,42,79.08,1.0,1.0,1.0,0.2891,0.954,,0.9901,1.0,,,0.6984,0.3013,1.0
yelp_full,regression,word_shuffle,0.0,7,80.19,1.0,1.0,1.0,0.2695,0.958,,0.9913,1.0,,,0.6984,0.36,1.0
yelp_full,regression,word_shuffle,0.1,7,79.89,1.0,1.0,1.0,0.2695,0.958,,0.9913,1.0,,,0.6984,0.3451,1.0
yelp_full,regression,word_shuffle,0.25,7,79.36,1.0,1.0,1.0,0.2695,0.958,,0.9913,1.0,,,0.6984,0.3183,1.0
yelp_full,regression,word_shuffle,0.5,7,79.44,1.0,1.0,1.0,0.2695,0.958,,0.9913,1.0,,,0.6984,0.3225,1.0
yelp_full,regression,word_shuffle,0.75,7,79.29,1.0,1.0,1.0,0.2695,0.958,,0.9913,1.0,,,0.6984,0.315,1.0
yelp_full,regression,word_shuffle,0.9,7,79.27,1.0,1.0,1.0,0.2695,0.958,,0.9913,1.0,,,0.6984,0.3138,1.0
yelp_full,regression,word_shuffle,0.0,99,80.18,1.0,1.0,1.0,0.265,0.934,,0.9874,1.0,,,0.6984,0.3696,1.0
yelp_full,regression,word_shuffle,0.1,99,79.56,1.0,1.0,1.0,0.265,0.934,,0.9874,1.0,,,0.6984,0.3384,1.0
yelp_full,regression,word_shuffle,0.25,99,79.56,1.0,1.0,1.0,0.265,0.934,,0.9874,1.0,,,0.6984,0.3384,1.0
yelp_full,regression,word_shuffle,0.5,99,80.25,1.0,1.0,1.0,0.265,0.934,,0.9874,1.0,,,0.6984,0.3728,1.0
yelp_full,regression,word_shuffle,0.75,99,79.4,1.0,1.0,1.0,0.265,0.934,,0.9874,1.0,,,0.6984,0.3307,1.0
yelp_full,regression,word_shuffle,0.9,99,79.58,1.0,1.0,1.0,0.265,0.934,,0.9874,1.0,,,0.6984,0.3396,1.0
yelp_full,regression,target_distribution_skew,0.0,42,80.53,1.0,1.0,1.0,0.2891,0.954,,0.9901,1.0,,,0.6984,0.374,1.0
yelp_full,regression,target_distribution_skew,0.1,42,79.26,1.0,1.0,1.0,0.2523,0.926,,0.9896,1.0,,,0.6978,0.3275,1.0
yelp_full,regression,target_distribution_skew,0.25,42,79.48,1.0,1.0,1.0,0.2624,0.946,,0.9915,1.0,,,0.6941,0.3312,1.0
yelp_full,regression,target_distribution_skew,0.5,42,78.26,1.0,1.0,1.0,0.2396,0.948,,0.989,1.0,,,0.6763,0.2863,1.0
yelp_full,regression,target_distribution_skew,0.75,42,78.17,1.0,1.0,1.0,0.2582,0.944,,0.9926,1.0,,,0.6289,0.299,1.0
yelp_full,regression,target_distribution_skew,0.9,42,76.89,1.0,1.0,1.0,0.258,0.95,,0.9937,1.0,,,0.5668,0.2639,1.0
yelp_full,regression,target_distribution_skew,0.0,7,80.19,1.0,1.0,1.0,0.2695,0.958,,0.9913,1.0,,,0.6984,0.36,1.0
yelp_full,regression,target_distribution_skew,0.1,7,78.73,1.0,1.0,1.0,0.2588,0.954,,0.9893,1.0,,,0.6977,0.2923,1.0
yelp_full,regression,target_distribution_skew,0.25,7,79.24,1.0,1.0,1.0,0.2426,0.942,,0.9899,1.0,,,0.6941,0.3265,1.0
yelp_full,regression,target_distribution_skew,0.5,7,79.45,1.0,1.0,1.0,0.279,0.956,,0.9922,1.0,,,0.6763,0.3313,1.0
yelp_full,regression,target_distribution_skew,0.75,7,79.54,1.0,1.0,1.0,0.2468,0.946,,0.9902,1.0,,,0.6288,0.3717,1.0
yelp_full,regression,target_distribution_skew,0.9,7,76.46,1.0,1.0,1.0,0.2569,0.942,,0.9916,1.0,,,0.5666,0.246,1.0
yelp_full,regression,target_distribution_skew,0.0,99,80.18,1.0,1.0,1.0,0.265,0.934,,0.9874,1.0,,,0.6984,0.3696,1.0
yelp_full,regression,target_distribution_skew,0.1,99,79.6,1.0,1.0,1.0,0.2759,0.946,,0.9922,1.0,,,0.6976,0.3316,1.0
yelp_full,regression,target_distribution_skew,0.25,99,79.15,1.0,1.0,1.0,0.2459,0.954,,0.988,1.0,,,0.6939,0.3195,1.0
yelp_full,regression,target_distribution_skew,0.5,99,79.41,1.0,1.0,1.0,0.262,0.956,,0.9912,1.0,,,0.6763,0.3344,1.0
yelp_full,regression,target_distribution_skew,0.75,99,77.38,1.0,1.0,1.0,0.253,0.946,,0.9884,1.0,,,0.629,0.2635,1.0
yelp_full,regression,target_distribution_skew,0.9,99,78.59,1.0,1.0,1.0,0.2584,0.95,,0.9934,1.0,,,0.5668,0.3491,1.0
yelp_full,regression,target_noise,0.0,42,80.53,1.0,1.0,1.0,0.2891,0.954,,0.9901,1.0,,,0.6984,0.374,1.0
yelp_full,regression,target_noise,0.1,42,83.3,1.0,1.0,1.0,0.2891,0.954,,0.9901,1.0,,,0.9888,0.3674,1.0
yelp_full,regression,target_noise,0.25,42,82.14,1.0,1.0,1.0,0.2891,0.954,,0.9901,1.0,,,0.9259,0.3405,1.0
yelp_full,regression,target_noise,0.5,42,80.17,1.0,1.0,1.0,0.2891,0.954,,0.9901,1.0,,,0.8556,0.2772,1.0
yelp_full,regression,target_noise,0.75,42,78.76,1.0,1.0,1.0,0.2891,0.954,,0.9901,1.0,,,0.8202,0.2244,1.0
yelp_full,regression,target_noise,0.9,42,78.21,1.0,1.0,1.0,0.2891,0.954,,0.9901,1.0,,,0.8115,0.2015,1.0
yelp_full,regression,target_noise,0.0,7,80.19,1.0,1.0,1.0,0.2695,0.958,,0.9913,1.0,,,0.6984,0.36,1.0
yelp_full,regression,target_noise,0.1,7,82.99,1.0,1.0,1.0,0.2695,0.958,,0.9913,1.0,,,0.977,0.3608,1.0
yelp_full,regression,target_noise,0.25,7,82.19,1.0,1.0,1.0,0.2695,0.958,,0.9913,1.0,,,0.9144,0.3522,1.0
yelp_full,regression,target_noise,0.5,7,80.87,1.0,1.0,1.0,0.2695,0.958,,0.9913,1.0,,,0.8397,0.3235,1.0
yelp_full,regression,target_noise,0.75,7,79.96,1.0,1.0,1.0,0.2695,0.958,,0.9913,1.0,,,0.8061,0.2948,1.0
yelp_full,regression,target_noise,0.9,7,79.56,1.0,1.0,1.0,0.2695,0.958,,0.9913,1.0,,,0.7931,0.2811,1.0
yelp_full,regression,target_noise,0.0,99,80.18,1.0,1.0,1.0,0.265,0.934,,0.9874,1.0,,,0.6984,0.3696,1.0
yelp_full,regression,target_noise,0.1,99,82.72,1.0,1.0,1.0,0.265,0.934,,0.9874,1.0,,,0.9743,0.3585,1.0
yelp_full,regression,target_noise,0.25,99,81.55,1.0,1.0,1.0,0.265,0.934,,0.9874,1.0,,,0.9142,0.3304,1.0
yelp_full,regression,target_noise,0.5,99,79.77,1.0,1.0,1.0,0.265,0.934,,0.9874,1.0,,,0.8435,0.2763,1.0
yelp_full,regression,target_noise,0.75,99,78.59,1.0,1.0,1.0,0.265,0.934,,0.9874,1.0,,,0.8081,0.2349,1.0
yelp_full,regression,target_noise,0.9,99,78.1,1.0,1.0,1.0,0.265,0.934,,0.9874,1.0,,,0.7951,0.2173,1.0
amazon_en,regression,completeness_text,0.0,42,78.1,1.0,1.0,1.0,0.3106,0.962,,0.9095,1.0,,,0.698,0.3055,1.0
amazon_en,regression,completeness_text,0.1,42,76.39,0.8999,1.0,1.0,0.3106,0.962,,0.9095,1.0,,,0.698,0.2952,1.0
amazon_en,regression,completeness_text,0.25,42,73.56,0.749,1.0,1.0,0.3106,0.962,,0.9095,1.0,,,0.698,0.2668,1.0
amazon_en,regression,completeness_text,0.5,42,68.83,0.5012,1.0,1.0,0.3106,0.962,,0.8943,1.0,,,0.698,0.2278,1.0
amazon_en,regression,completeness_text,0.75,42,61.63,0.251,0.998,1.0,0.3106,0.962,,0.7143,1.0,,,0.698,0.1913,1.0
amazon_en,regression,completeness_text,0.9,42,57.07,0.1042,0.984,1.0,0.3106,0.962,,0.5732,1.0,,,0.698,0.1865,1.0
amazon_en,regression,completeness_text,0.0,7,77.64,1.0,1.0,1.0,0.2815,0.944,,0.9153,1.0,,,0.698,0.2899,1.0
amazon_en,regression,completeness_text,0.1,7,75.85,0.9004,1.0,1.0,0.2815,0.944,,0.9153,1.0,,,0.698,0.2753,1.0
amazon_en,regression,completeness_text,0.25,7,73.15,0.749,1.0,1.0,0.2815,0.944,,0.9152,1.0,,,0.698,0.2542,1.0
amazon_en,regression,completeness_text,0.5,7,68.56,0.502,1.0,1.0,0.2815,0.944,,0.8978,1.0,,,0.698,0.2226,1.0
amazon_en,regression,completeness_text,0.75,7,60.95,0.251,1.0,1.0,0.2815,0.944,,0.7167,1.0,,,0.698,0.1666,1.0
amazon_en,regression,completeness_text,0.9,7,55.97,0.1018,0.978,1.0,0.2815,0.944,,0.5739,1.0,,,0.698,0.1476,1.0
amazon_en,regression,completeness_text,0.0,99,78.38,1.0,0.998,1.0,0.3054,0.962,,0.9068,1.0,,,0.698,0.3243,1.0
amazon_en,regression,completeness_text,0.1,99,76.69,0.9009,0.998,1.0,0.3054,0.962,,0.9068,1.0,,,0.698,0.3139,1.0
amazon_en,regression,completeness_text,0.25,99,74.3,0.7486,0.998,1.0,0.3054,0.962,,0.9065,1.0,,,0.698,0.3088,1.0
amazon_en,regression,completeness_text,0.5,99,69.16,0.5001,0.998,1.0,0.3054,0.962,,0.8905,1.0,,,0.698,0.2505,1.0
amazon_en,regression,completeness_text,0.75,99,60.75,0.2514,0.998,1.0,0.3054,0.962,,0.711,1.0,,,0.698,0.1506,1.0
amazon_en,regression,completeness_text,0.9,99,56.34,0.1015,0.98,1.0,0.3054,0.962,,0.568,1.0,,,0.698,0.1592,1.0
amazon_en,regression,noise_injection_text,0.0,42,78.1,1.0,1.0,1.0,0.3106,0.962,,0.9095,1.0,,,0.698,0.3055,1.0
amazon_en,regression,noise_injection_text,0.1,42,76.3,1.0,1.0,1.0,0.314,0.962,,0.9095,1.0,,,0.698,0.215,1.0
amazon_en,regression,noise_injection_text,0.25,42,75.52,1.0,1.0,1.0,0.3067,0.962,,0.909,1.0,,,0.698,0.1781,1.0
amazon_en,regression,noise_injection_text,0.5,42,75.5,1.0,1.0,1.0,0.3138,0.964,,0.9083,1.0,,,0.698,0.1751,1.0
amazon_en,regression,noise_injection_text,0.75,42,75.9,1.0,1.0,1.0,0.3132,0.962,,0.9073,1.0,,,0.698,0.1969,1.0
amazon_en,regression,noise_injection_text,0.9,42,74.63,1.0,1.0,1.0,0.3039,0.962,,0.906,1.0,,,0.698,0.1368,1.0
amazon_en,regression,noise_injection_text,0.0,7,77.64,1.0,1.0,1.0,0.2815,0.944,,0.9153,1.0,,,0.698,0.2899,1.0
amazon_en,regression,noise_injection_text,0.1,7,76.23,1.0,1.0,1.0,0.2815,0.946,,0.915,1.0,,,0.698,0.2195,1.0
amazon_en,regression,noise_injection_text,0.25,7,75.71,1.0,1.0,1.0,0.281,0.946,,0.9146,1.0,,,0.698,0.1939,1.0
amazon_en,regression,noise_injection_text,0.5,7,76.05,1.0,1.0,1.0,0.286,0.946,,0.9143,1.0,,,0.698,0.2096,1.0
amazon_en,regression,noise_injection_text,0.75,7,75.29,1.0,1.0,1.0,0.282,0.946,,0.9126,1.0,,,0.698,0.1741,1.0
amazon_en,regression,noise_injection_text,0.9,7,73.98,1.0,1.0,1.0,0.2793,0.946,,0.912,1.0,,,0.698,0.1096,1.0
amazon_en,regression,noise_injection_text,0.0,99,78.38,1.0,0.998,1.0,0.3054,0.962,,0.9068,1.0,,,0.698,0.3243,1.0
amazon_en,regression,noise_injection_text,0.1,99,76.99,1.0,0.998,1.0,0.3054,0.962,,0.9066,1.0,,,0.698,0.2545,1.0
amazon_en,regression,noise_injection_text,0.25,99,76.08,1.0,1.0,1.0,0.3054,0.964,,0.9065,1.0,,,0.698,0.2076,1.0
amazon_en,regression,noise_injection_text,0.5,99,74.85,1.0,1.0,1.0,0.3054,0.968,,0.9055,1.0,,,0.698,0.146,1.0
amazon_en,regression,noise_injection_text,0.75,99,75.52,1.0,1.0,1.0,0.3097,0.962,,0.9049,1.0,,,0.698,0.1802,1.0
amazon_en,regression,noise_injection_text,0.9,99,75.08,1.0,1.0,1.0,0.3047,0.96,,0.9039,1.0,,,0.698,0.1609,1.0
amazon_en,regression,word_shuffle,0.0,42,78.1,1.0,1.0,1.0,0.3106,0.962,,0.9095,1.0,,,0.698,0.3055,1.0
amazon_en,regression,word_shuffle,0.1,42,77.69,1.0,1.0,1.0,0.3106,0.962,,0.9095,1.0,,,0.698,0.2854,1.0
amazon_en,regression,word_shuffle,0.25,42,77.7,1.0,1.0,1.0,0.3106,0.962,,0.9095,1.0,,,0.698,0.2858,1.0
amazon_en,regression,word_shuffle,0.5,42,77.03,1.0,1.0,1.0,0.3106,0.962,,0.9095,1.0,,,0.698,0.252,1.0
amazon_en,regression,word_shuffle,0.75,42,76.64,1.0,1.0,1.0,0.3106,0.962,,0.9095,1.0,,,0.698,0.2327,1.0
amazon_en,regression,word_shuffle,0.9,42,77.41,1.0,1.0,1.0,0.3106,0.962,,0.9095,1.0,,,0.698,0.271,1.0
amazon_en,regression,word_shuffle,0.0,7,77.64,1.0,1.0,1.0,0.2815,0.944,,0.9153,1.0,,,0.698,0.2899,1.0
amazon_en,regression,word_shuffle,0.1,7,77.37,1.0,1.0,1.0,0.2815,0.944,,0.9153,1.0,,,0.698,0.2765,1.0
amazon_en,regression,word_shuffle,0.25,7,77.17,1.0,1.0,1.0,0.2815,0.944,,0.9153,1.0,,,0.698,0.2667,1.0
amazon_en,regression,word_shuffle,0.5,7,76.69,1.0,1.0,1.0,0.2815,0.944,,0.9153,1.0,,,0.698,0.2426,1.0
amazon_en,regression,word_shuffle,0.75,7,75.99,1.0,1.0,1.0,0.2815,0.944,,0.9153,1.0,,,0.698,0.2077,1.0
amazon_en,regression,word_shuffle,0.9,7,76.7,1.0,1.0,1.0,0.2815,0.944,,0.9153,1.0,,,0.698,0.2433,1.0
amazon_en,regression,word_shuffle,0.0,99,78.38,1.0,0.998,1.0,0.3054,0.962,,0.9068,1.0,,,0.698,0.3243,1.0
amazon_en,regression,word_shuffle,0.1,99,77.77,1.0,0.998,1.0,0.3054,0.962,,0.9068,1.0,,,0.698,0.2936,1.0
amazon_en,regression,word_shuffle,0.25,99,77.45,1.0,1.0,1.0,0.3054,0.962,,0.9068,1.0,,,0.698,0.2764,1.0
amazon_en,regression,word_shuffle,0.5,99,76.98,1.0,1.0,1.0,0.3054,0.962,,0.9068,1.0,,,0.698,0.2531,1.0
amazon_en,regression,word_shuffle,0.75,99,76.75,1.0,1.0,1.0,0.3054,0.962,,0.9068,1.0,,,0.698,0.2417,1.0
amazon_en,regression,word_shuffle,0.9,99,77.11,1.0,1.0,1.0,0.3054,0.962,,0.9068,1.0,,,0.698,0.2597,1.0
amazon_en,regression,target_distribution_skew,0.0,42,78.1,1.0,1.0,1.0,0.3106,0.962,,0.9095,1.0,,,0.698,0.3055,1.0
amazon_en,regression,target_distribution_skew,0.1,42,77.02,1.0,1.0,1.0,0.3058,0.938,,0.9093,1.0,,,0.6974,0.2595,1.0
amazon_en,regression,target_distribution_skew,0.25,42,77.5,1.0,1.0,1.0,0.3047,0.964,,0.9093,1.0,,,0.6938,0.2791,1.0
amazon_en,regression,target_distribution_skew,0.5,42,78.01,1.0,1.0,1.0,0.2921,0.944,,0.9224,1.0,,,0.6762,0.3117,1.0
amazon_en,regression,target_distribution_skew,0.75,42,77.23,1.0,1.0,1.0,0.2885,0.964,,0.9125,1.0,,,0.6289,0.2994,1.0
amazon_en,regression,target_distribution_skew,0.9,42,76.19,1.0,1.0,1.0,0.2823,0.948,,0.918,1.0,,,0.5666,0.2802,1.0
amazon_en,regression,target_distribution_skew,0.0,7,77.64,1.0,1.0,1.0,0.2815,0.944,,0.9153,1.0,,,0.698,0.2899,1.0
amazon_en,regression,target_distribution_skew,0.1,7,77.69,1.0,1.0,1.0,0.316,0.958,,0.9177,1.0,,,0.6974,0.2792,1.0
amazon_en,regression,target_distribution_skew,0.25,7,77.85,1.0,1.0,1.0,0.3311,0.94,,0.91,1.0,,,0.6939,0.2953,1.0
amazon_en,regression,target_distribution_skew,0.5,7,77.09,1.0,1.0,1.0,0.3009,0.938,,0.912,1.0,,,0.6764,0.2727,1.0
amazon_en,regression,target_distribution_skew,0.75,7,77.9,1.0,1.0,1.0,0.3113,0.958,,0.9168,1.0,,,0.6287,0.3258,1.0
amazon_en,regression,target_distribution_skew,0.9,7,75.87,1.0,1.0,1.0,0.28,0.952,,0.9125,1.0,,,0.5663,0.2682,1.0
amazon_en,regression,target_distribution_skew,0.0,99,78.38,1.0,0.998,1.0,0.3054,0.962,,0.9068,1.0,,,0.698,0.3243,1.0
amazon_en,regression,target_distribution_skew,0.1,99,77.86,1.0,1.0,1.0,0.2923,0.958,,0.904,1.0,,,0.6974,0.3039,1.0
amazon_en,regression,target_distribution_skew,0.25,99,78.68,1.0,1.0,1.0,0.3155,0.95,,0.9142,1.0,,,0.6939,0.3349,1.0
amazon_en,regression,target_distribution_skew,0.5,99,77.53,1.0,1.0,1.0,0.2785,0.97,,0.9131,1.0,,,0.6764,0.2912,1.0
amazon_en,regression,target_distribution_skew,0.75,99,76.76,1.0,1.0,1.0,0.3051,0.942,,0.9168,1.0,,,0.629,0.2741,1.0
amazon_en,regression,target_distribution_skew,0.9,99,77.27,1.0,1.0,1.0,0.2866,0.954,,0.9031,1.0,,,0.5667,0.3424,1.0
amazon_en,regression,target_noise,0.0,42,78.1,1.0,1.0,1.0,0.3106,0.962,,0.9095,1.0,,,0.698,0.3055,1.0
amazon_en,regression,target_noise,0.1,42,80.75,1.0,1.0,1.0,0.3106,0.962,,0.9095,1.0,,,0.9659,0.3042,1.0
amazon_en,regression,target_noise,0.25,42,80.03,1.0,1.0,1.0,0.3106,0.962,,0.9095,1.0,,,0.912,0.2953,1.0
amazon_en,regression,target_noise,0.5,42,78.82,1.0,1.0,1.0,0.3106,0.962,,0.9095,1.0,,,0.8376,0.2718,1.0
amazon_en,regression,target_noise,0.75,42,78.07,1.0,1.0,1.0,0.3106,0.962,,0.9095,1.0,,,0.8031,0.2516,1.0
amazon_en,regression,target_noise,0.9,42,77.79,1.0,1.0,1.0,0.3106,0.962,,0.9095,1.0,,,0.7931,0.2429,1.0
amazon_en,regression,target_noise,0.0,7,77.64,1.0,1.0,1.0,0.2815,0.944,,0.9153,1.0,,,0.698,0.2899,1.0
amazon_en,regression,target_noise,0.1,7,80.52,1.0,1.0,1.0,0.2815,0.944,,0.9153,1.0,,,0.9926,0.287,1.0
amazon_en,regression,target_noise,0.25,7,79.5,1.0,1.0,1.0,0.2815,0.944,,0.9153,1.0,,,0.9352,0.2647,1.0
amazon_en,regression,target_noise,0.5,7,77.73,1.0,1.0,1.0,0.2815,0.944,,0.9153,1.0,,,0.8722,0.2077,1.0
amazon_en,regression,target_noise,0.75,7,76.46,1.0,1.0,1.0,0.2815,0.944,,0.9153,1.0,,,0.838,0.1612,1.0
amazon_en,regression,target_noise,0.9,7,75.98,1.0,1.0,1.0,0.2815,0.944,,0.9153,1.0,,,0.8288,0.1416,1.0
amazon_en,regression,target_noise,0.0,99,78.38,1.0,0.998,1.0,0.3054,0.962,,0.9068,1.0,,,0.698,0.3243,1.0
amazon_en,regression,target_noise,0.1,99,80.98,1.0,0.998,1.0,0.3054,0.962,,0.9068,1.0,,,0.9714,0.3174,1.0
amazon_en,regression,target_noise,0.25,99,80.08,1.0,0.998,1.0,0.3054,0.962,,0.9068,1.0,,,0.9155,0.3001,1.0
amazon_en,regression,target_noise,0.5,99,78.65,1.0,0.998,1.0,0.3054,0.962,,0.9068,1.0,,,0.8418,0.2655,1.0
amazon_en,regression,target_noise,0.75,99,77.66,1.0,0.998,1.0,0.3054,0.962,,0.9068,1.0,,,0.8015,0.2361,1.0
amazon_en,regression,target_noise,0.9,99,77.28,1.0,0.998,1.0,0.3054,0.962,,0.9068,1.0,,,0.7904,0.2227,1.0
sst5,regression,completeness_text,0.0,42,76.2,1.0,1.0,1.0,0.3332,1.0,,0.8821,1.0,,,0.6788,0.2257,1.0
sst5,regression,completeness_text,0.1,42,74.02,0.9017,1.0,1.0,0.3332,1.0,,0.8821,1.0,,,0.6788,0.1906,1.0
sst5,regression,completeness_text,0.25,42,71.87,0.7488,1.0,1.0,0.3332,1.0,,0.8821,1.0,,,0.6788,0.1977,1.0
sst5,regression,completeness_text,0.5,42,67.99,0.4987,1.0,1.0,0.3332,1.0,,0.8767,1.0,,,0.6788,0.1953,1.0
sst5,regression,completeness_text,0.75,42,60.59,0.2512,0.994,1.0,0.3332,1.0,,0.7031,1.0,,,0.6788,0.1438,1.0
sst5,regression,completeness_text,0.9,42,55.23,0.1009,0.946,1.0,0.3332,1.0,,0.5583,1.0,,,0.6788,0.1216,1.0
sst5,regression,completeness_text,0.0,7,77.46,1.0,1.0,1.0,0.5722,0.994,,0.8889,1.0,,,0.6788,0.2251,1.0
sst5,regression,completeness_text,0.1,7,75.4,0.901,1.0,1.0,0.5722,0.994,,0.8889,1.0,,,0.6788,0.1965,1.0
sst5,regression,completeness_text,0.25,7,72.7,0.7494,1.0,1.0,0.5722,0.994,,0.8889,1.0,,,0.6788,0.1753,1.0
sst5,regression,completeness_text,0.5,7,68.61,0.4992,1.0,1.0,0.5722,0.994,,0.883,1.0,,,0.6788,0.1628,1.0
sst5,regression,completeness_text,0.75,7,62.39,0.2506,0.99,1.0,0.5722,0.994,,0.7074,1.0,,,0.6788,0.1748,1.0
sst5,regression,completeness_text,0.9,7,57.12,0.1003,0.95,1.0,0.5722,0.994,,0.5635,1.0,,,0.6788,0.1522,1.0
sst5,regression,completeness_text,0.0,99,76.48,1.0,1.0,1.0,0.3902,1.0,,0.8948,1.0,,,0.6788,0.2161,1.0
sst5,regression,completeness_text,0.1,99,75.42,0.9001,1.0,1.0,0.3902,1.0,,0.8948,1.0,,,0.6788,0.238,1.0
sst5,regression,completeness_text,0.25,99,72.4,0.7486,1.0,1.0,0.3902,1.0,,0.8948,1.0,,,0.6788,0.2004,1.0
sst5,regression,completeness_text,0.5,99,67.87,0.4983,1.0,1.0,0.3902,1.0,,0.8887,1.0,,,0.6788,0.1661,1.0
sst5,regression,completeness_text,0.75,99,61.23,0.2514,1.0,1.0,0.3902,1.0,,0.7105,1.0,,,0.6788,0.1533,1.0
sst5,regression,completeness_text,0.9,99,56.05,0.1008,0.958,1.0,0.3902,1.0,,0.5657,1.0,,,0.6788,0.1367,1.0
sst5,regression,noise_injection_text,0.0,42,76.2,1.0,1.0,1.0,0.3332,1.0,,0.8821,1.0,,,0.6788,0.2257,1.0
sst5,regression,noise_injection_text,0.1,42,75.64,1.0,1.0,1.0,0.3332,1.0,,0.8814,1.0,,,0.6788,0.1984,1.0
sst5,regression,noise_injection_text,0.25,42,73.92,1.0,1.0,1.0,0.3199,1.0,,0.88,1.0,,,0.6788,0.1168,1.0
sst5,regression,noise_injection_text,0.5,42,75.07,1.0,1.0,1.0,0.3027,1.0,,0.8782,1.0,,,0.6788,0.18,1.0
sst5,regression,noise_injection_text,0.75,42,74.01,1.0,1.0,1.0,0.2944,1.0,,0.8749,1.0,,,0.6788,0.1313,1.0
sst5,regression,noise_injection_text,0.9,42,74.01,1.0,1.0,1.0,0.2821,0.996,,0.872,1.0,,,0.6788,0.1375,1.0
sst5,regression,noise_injection_text,0.0,7,77.46,1.0,1.0,1.0,0.5722,0.994,,0.8889,1.0,,,0.6788,0.2251,1.0
sst5,regression,noise_injection_text,0.1,7,75.54,1.0,1.0,1.0,0.5694,0.994,,0.8883,1.0,,,0.6788,0.1306,1.0
sst5,regression,noise_injection_text,0.25,7,76.13,1.0,1.0,1.0,0.5694,0.994,,0.8874,1.0,,,0.6788,0.1606,1.0
sst5,regression,noise_injection_text,0.5,7,74.67,1.0,1.0,1.0,0.3243,0.994,,0.8854,1.0,,,0.6788,0.1504,1.0
sst5,regression,noise_injection_text,0.75,7,74.62,1.0,1.0,1.0,0.3027,0.998,,0.8825,1.0,,,0.6788,0.1545,1.0
sst5,regression,noise_injection_text,0.9,7,73.03,1.0,1.0,1.0,0.2944,0.996,,0.8825,1.0,,,0.6788,0.0776,1.0
sst5,regression,noise_injection_text,0.0,99,76.48,1.0,1.0,1.0,0.3902,1.0,,0.8948,1.0,,,0.6788,0.2161,1.0
sst5,regression,noise_injection_text,0.1,99,75.66,1.0,1.0,1.0,0.3902,1.0,,0.8939,1.0,,,0.6788,0.1754,1.0
sst5,regression,noise_injection_text,0.25,99,74.87,1.0,1.0,1.0,0.3802,1.0,,0.8926,1.0,,,0.6788,0.1396,1.0
sst5,regression,noise_injection_text,0.5,99,74.93,1.0,1.0,1.0,0.3609,1.0,,0.8903,1.0,,,0.6788,0.1493,1.0
sst5,regression,noise_injection_text,0.75,99,74.91,1.0,1.0,1.0,0.3562,1.0,,0.8878,1.0,,,0.6788,0.1511,1.0
sst5,regression,noise_injection_text,0.9,99,74.35,1.0,1.0,1.0,0.3657,1.0,,0.8849,1.0,,,0.6788,0.1229,1.0
sst5,regression,word_shuffle,0.0,42,76.2,1.0,1.0,1.0,0.3332,1.0,,0.8821,1.0,,,0.6788,0.2257,1.0
sst5,regression,word_shuffle,0.1,42,75.94,1.0,1.0,1.0,0.3332,1.0,,0.8821,1.0,,,0.6788,0.2127,1.0
sst5,regression,word_shuffle,0.25,42,75.63,1.0,1.0,1.0,0.3332,1.0,,0.8821,1.0,,,0.6788,0.1971,1.0
sst5,regression,word_shuffle,0.5,42,75.23,1.0,1.0,1.0,0.3332,1.0,,0.8821,1.0,,,0.6788,0.1773,1.0
sst5,regression,word_shuffle,0.75,42,75.82,1.0,1.0,1.0,0.3332,1.0,,0.8821,1.0,,,0.6788,0.2065,1.0
sst5,regression,word_shuffle,0.9,42,75.18,1.0,1.0,1.0,0.3332,1.0,,0.8821,1.0,,,0.6788,0.1749,1.0
sst5,regression,word_shuffle,0.0,7,77.46,1.0,1.0,1.0,0.5722,0.994,,0.8889,1.0,,,0.6788,0.2251,1.0
sst5,regression,word_shuffle,0.1,7,77.12,1.0,1.0,1.0,0.5722,0.994,,0.8889,1.0,,,0.6788,0.2081,1.0
sst5,regression,word_shuffle,0.25,7,76.57,1.0,1.0,1.0,0.5722,0.994,,0.8889,1.0,,,0.6788,0.1807,1.0
sst5,regression,word_shuffle,0.5,7,76.34,1.0,1.0,1.0,0.5722,0.994,,0.8889,1.0,,,0.6788,0.1692,1.0
sst5,regression,word_shuffle,0.75,7,76.52,1.0,1.0,1.0,0.5722,0.994,,0.8889,1.0,,,0.6788,0.1785,1.0
sst5,regression,word_shuffle,0.9,7,76.75,1.0,1.0,1.0,0.5722,0.994,,0.8889,1.0,,,0.6788,0.1898,1.0
sst5,regression,word_shuffle,0.0,99,76.48,1.0,1.0,1.0,0.3902,1.0,,0.8948,1.0,,,0.6788,0.2161,1.0
sst5,regression,word_shuffle,0.1,99,76.4,1.0,1.0,1.0,0.3902,1.0,,0.8948,1.0,,,0.6788,0.2122,1.0
sst5,regression,word_shuffle,0.25,99,76.67,1.0,1.0,1.0,0.3902,1.0,,0.8948,1.0,,,0.6788,0.2255,1.0
sst5,regression,word_shuffle,0.5,99,76.35,1.0,1.0,1.0,0.3902,1.0,,0.8948,1.0,,,0.6788,0.2094,1.0
sst5,regression,word_shuffle,0.75,99,76.53,1.0,1.0,1.0,0.3902,1.0,,0.8948,1.0,,,0.6788,0.2183,1.0
sst5,regression,word_shuffle,0.9,99,76.21,1.0,1.0,1.0,0.3902,1.0,,0.8948,1.0,,,0.6788,0.2024,1.0
sst5,regression,target_distribution_skew,0.0,42,76.2,1.0,1.0,1.0,0.3332,1.0,,0.8821,1.0,,,0.6788,0.2257,1.0
sst5,regression,target_distribution_skew,0.1,42,77.32,1.0,1.0,1.0,0.6286,0.998,,0.8988,1.0,,,0.6796,0.1953,1.0
sst5,regression,target_distribution_skew,0.25,42,78.42,1.0,1.0,1.0,0.632,0.994,,0.8972,1.0,,,0.6794,0.2517,1.0
sst5,regression,target_distribution_skew,0.5,42,78.42,1.0,1.0,1.0,0.581,0.998,,0.889,1.0,,,0.6663,0.2761,1.0
sst5,regression,target_distribution_skew,0.75,42,76.3,1.0,1.0,1.0,0.3288,0.998,,0.885,1.0,,,0.6212,0.2592,1.0
sst5,regression,target_distribution_skew,0.9,42,75.52,1.0,1.0,1.0,0.3288,1.0,,0.8822,1.0,,,0.5568,0.2539,1.0
sst5,regression,target_distribution_skew,0.0,7,77.46,1.0,1.0,1.0,0.5722,0.994,,0.8889,1.0,,,0.6788,0.2251,1.0
sst5,regression,target_distribution_skew,0.1,7,77.09,1.0,1.0,1.0,0.5609,0.996,,0.8876,1.0,,,0.6797,0.2098,1.0
sst5,regression,target_distribution_skew,0.25,7,76.49,1.0,1.0,1.0,0.4481,0.996,,0.8961,1.0,,,0.6773,0.203,1.0
sst5,regression,target_distribution_skew,0.5,7,76.65,1.0,1.0,1.0,0.4054,0.996,,0.8955,1.0,,,0.6637,0.2287,1.0
sst5,regression,target_distribution_skew,0.75,7,76.25,1.0,1.0,1.0,0.3852,0.996,,0.8967,1.0,,,0.6194,0.2349,1.0
sst5,regression,target_distribution_skew,0.9,7,75.25,1.0,1.0,1.0,0.3609,1.0,,0.8868,1.0,,,0.5559,0.2292,1.0
sst5,regression,target_distribution_skew,0.0,99,76.48,1.0,1.0,1.0,0.3902,1.0,,0.8948,1.0,,,0.6788,0.2161,1.0
sst5,regression,target_distribution_skew,0.1,99,76.48,1.0,1.0,1.0,0.3753,0.996,,0.8871,1.0,,,0.6791,0.2264,1.0
sst5,regression,target_distribution_skew,0.25,99,76.38,1.0,1.0,1.0,0.5722,0.988,,0.8872,1.0,,,0.6775,0.1746,1.0
sst5,regression,target_distribution_skew,0.5,99,77.95,1.0,1.0,1.0,0.6152,0.998,,0.8985,1.0,,,0.6648,0.2378,1.0
sst5,regression,target_distribution_skew,0.75,99,77.49,1.0,1.0,1.0,0.584,0.996,,0.8874,1.0,,,0.6193,0.2542,1.0
sst5,regression,target_distribution_skew,0.9,99,75.82,1.0,1.0,1.0,0.581,0.996,,0.8942,1.0,,,0.5545,0.1987,1.0
sst5,regression,target_noise,0.0,42,76.2,1.0,1.0,1.0,0.3332,1.0,,0.8821,1.0,,,0.6788,0.2257,1.0
sst5,regression,target_noise,0.1,42,79.11,1.0,1.0,1.0,0.3332,1.0,,0.8821,1.0,,,0.9762,0.2223,1.0
sst5,regression,target_noise,0.25,42,78.35,1.0,1.0,1.0,0.3332,1.0,,0.8821,1.0,,,0.9197,0.213,1.0
sst5,regression,target_noise,0.5,42,77.44,1.0,1.0,1.0,0.3332,1.0,,0.8821,1.0,,,0.8667,0.1936,1.0
sst5,regression,target_noise,0.75,42,76.99,1.0,1.0,1.0,0.3332,1.0,,0.8821,1.0,,,0.8489,0.18,1.0
sst5,regression,target_noise,0.9,42,76.76,1.0,1.0,1.0,0.3332,1.0,,0.8821,1.0,,,0.836,0.175,1.0
sst5,regression,target_noise,0.0,7,77.46,1.0,1.0,1.0,0.5722,0.994,,0.8889,1.0,,,0.6788,0.2251,1.0
sst5,regression,target_noise,0.1,7,80.46,1.0,1.0,1.0,0.5722,0.994,,0.8889,1.0,,,0.9773,0.2263,1.0
sst5,regression,target_noise,0.25,7,79.63,1.0,1.0,1.0,0.5722,0.994,,0.8889,1.0,,,0.9127,0.2171,1.0
sst5,regression,target_noise,0.5,7,78.57,1.0,1.0,1.0,0.5722,0.994,,0.8889,1.0,,,0.857,0.1919,1.0
sst5,regression,target_noise,0.75,7,77.93,1.0,1.0,1.0,0.5722,0.994,,0.8889,1.0,,,0.835,0.1708,1.0
sst5,regression,target_noise,0.9,7,77.68,1.0,1.0,1.0,0.5722,0.994,,0.8889,1.0,,,0.8295,0.1612,1.0
sst5,regression,target_noise,0.0,99,76.48,1.0,1.0,1.0,0.3902,1.0,,0.8948,1.0,,,0.6788,0.2161,1.0
sst5,regression,target_noise,0.1,99,79.64,1.0,1.0,1.0,0.3902,1.0,,0.8948,1.0,,,0.9715,0.2278,1.0
sst5,regression,target_noise,0.25,99,79.34,1.0,1.0,1.0,0.3902,1.0,,0.8948,1.0,,,0.9108,0.2432,1.0
sst5,regression,target_noise,0.5,99,79.0,1.0,1.0,1.0,0.3902,1.0,,0.8948,1.0,,,0.8546,0.254,1.0
sst5,regression,target_noise,0.75,99,78.68,1.0,1.0,1.0,0.3902,1.0,,0.8948,1.0,,,0.8294,0.2506,1.0
sst5,regression,target_noise,0.9,99,78.51,1.0,1.0,1.0,0.3902,1.0,,0.8948,1.0,,,0.8211,0.2463,1.0
